sample_uid,scene_id,height_category,gt_vehicle_voxels,gt_vehicle_instances
scene_08_30_000000,scene_08,30,1243,2
scene_08_30_000001,scene_08,30,860,2
scene_08_30_000004,scene_08,30,2614,5
scene_08_30_000005,scene_08,30,2728,4
scene_08_30_000006,scene_08,30,2247,5
scene_08_30_000007,scene_08,30,2710,6
scene_08_30_000008,scene_08,30,3241,8
scene_08_30_000009,scene_08,30,3497,10
scene_08_30_000010,scene_08,30,3882,12
scene_08_30_000011,scene_08,30,4889,17
scene_08_30_000012,scene_08,30,5531,18
scene_08_30_000013,scene_08,30,3633,18
scene_08_30_000014,scene_08,30,3599,14
scene_08_30_000015,scene_08,30,3318,13
scene_08_30_000016,scene_08,30,2806,12
scene_08_30_000017,scene_08,30,3151,14
scene_08_30_000018,scene_08,30,3962,20
scene_08_30_000019,scene_08,30,4553,20
scene_08_30_000020,scene_08,30,5043,24
scene_08_30_000021,scene_08,30,6413,22
scene_08_30_000022,scene_08,30,5706,20
scene_08_30_000023,scene_08,30,4528,16
scene_08_30_000024,scene_08,30,4141,14
scene_08_30_000025,scene_08,30,3891,9
scene_08_30_000026,scene_08,30,3581,10
scene_08_30_000027,scene_08,30,2959,9
scene_08_30_000028,scene_08,30,3377,7
scene_08_30_000029,scene_08,30,2890,5
scene_08_30_000030,scene_08,30,842,5
scene_08_30_000032,scene_08,30,804,2
scene_08_30_000033,scene_08,30,1242,2
scene_08_30_000034,scene_08,30,1238,2
scene_08_30_000035,scene_08,30,1242,3
scene_08_30_000036,scene_08,30,1564,3
scene_08_30_000039,scene_08,30,2981,6
scene_08_30_000040,scene_08,30,3295,8
scene_08_30_000041,scene_08,30,3963,11
scene_08_30_000042,scene_08,30,3956,11
scene_08_30_000043,scene_08,30,4504,13
scene_08_30_000044,scene_08,30,4633,15
scene_08_30_000045,scene_08,30,4865,17
scene_08_30_000046,scene_08,30,5498,21
scene_08_30_000047,scene_08,30,6887,22
scene_08_30_000048,scene_08,30,6217,29
scene_08_30_000049,scene_08,30,4955,21
scene_08_30_000050,scene_08,30,4286,19
scene_08_30_000051,scene_08,30,3629,15
scene_08_30_000052,scene_08,30,3050,14
scene_08_30_000053,scene_08,30,4670,24
scene_08_30_000054,scene_08,30,5310,26
scene_08_30_000055,scene_08,30,5735,30
scene_08_30_000056,scene_08,30,7226,25
scene_08_30_000057,scene_08,30,6471,24
scene_08_30_000058,scene_08,30,5574,20
scene_08_30_000059,scene_08,30,5056,18
scene_08_30_000060,scene_08,30,4770,16
scene_08_30_000061,scene_08,30,4566,14
scene_08_30_000062,scene_08,30,3825,12
scene_08_30_000063,scene_08,30,3894,13
scene_08_30_000064,scene_08,30,3317,7
scene_08_30_000065,scene_08,30,922,4
scene_08_30_000068,scene_08,30,1248,2
scene_08_30_000069,scene_08,30,2155,4
scene_08_30_000070,scene_08,30,1828,6
scene_08_30_000071,scene_08,30,2644,3
scene_08_30_000072,scene_08,30,3506,12
scene_08_30_000073,scene_08,30,3765,17
scene_08_30_000074,scene_08,30,4289,20
scene_08_30_000075,scene_08,30,4728,19
scene_08_30_000076,scene_08,30,5383,23
scene_08_30_000077,scene_08,30,5694,23
scene_08_30_000078,scene_08,30,5804,25
scene_08_30_000079,scene_08,30,6491,33
scene_08_30_000080,scene_08,30,7968,29
scene_08_30_000081,scene_08,30,6835,39
scene_08_30_000082,scene_08,30,6111,30
scene_08_30_000083,scene_08,30,4983,24
scene_08_30_000084,scene_08,30,4359,20
scene_08_30_000085,scene_08,30,3701,19
scene_08_30_000086,scene_08,30,3380,17
scene_08_30_000087,scene_08,30,4468,26
scene_08_30_000088,scene_08,30,5235,31
scene_08_30_000089,scene_08,30,5502,27
scene_08_30_000090,scene_08,30,7388,37
scene_08_30_000091,scene_08,30,7175,33
scene_08_30_000092,scene_08,30,5397,27
scene_08_30_000093,scene_08,30,5176,24
scene_08_30_000094,scene_08,30,5054,21
scene_08_30_000095,scene_08,30,4701,20
scene_08_30_000096,scene_08,30,4315,16
scene_08_30_000097,scene_08,30,4775,17
scene_08_30_000098,scene_08,30,3588,10
scene_08_30_000099,scene_08,30,2040,12
scene_08_30_000103,scene_08,30,2000,10
scene_08_30_000104,scene_08,30,1783,13
scene_08_30_000105,scene_08,30,3396,15
scene_08_30_000106,scene_08,30,4014,19
scene_08_30_000107,scene_08,30,4174,20
scene_08_30_000108,scene_08,30,4477,26
scene_08_30_000109,scene_08,30,4892,24
scene_08_30_000110,scene_08,30,5027,24
scene_08_30_000111,scene_08,30,5034,26
scene_08_30_000112,scene_08,30,6577,31
scene_08_30_000113,scene_08,30,6287,40
scene_08_30_000114,scene_08,30,5378,28
scene_08_30_000115,scene_08,30,4230,31
scene_08_30_000116,scene_08,30,3743,21
scene_08_30_000117,scene_08,30,3515,18
scene_08_30_000118,scene_08,30,2940,12
scene_08_30_000119,scene_08,30,2804,11
scene_08_30_000120,scene_08,30,4042,25
scene_08_30_000121,scene_08,30,4047,26
scene_08_30_000122,scene_08,30,5140,25
scene_08_30_000123,scene_08,30,5212,28
scene_08_30_000124,scene_08,30,5419,34
scene_08_30_000125,scene_08,30,5220,29
scene_08_30_000126,scene_08,30,3876,25
scene_08_30_000127,scene_08,30,3896,24
scene_08_30_000128,scene_08,30,3762,24
scene_08_30_000129,scene_08,30,3241,25
scene_08_30_000130,scene_08,30,3119,18
scene_08_30_000131,scene_08,30,2687,13
scene_08_30_000132,scene_08,30,1477,8
scene_08_30_000135,scene_08,30,1059,7
scene_08_30_000136,scene_08,30,2014,17
scene_08_30_000137,scene_08,30,2363,16
scene_08_30_000138,scene_08,30,2640,17
scene_08_30_000139,scene_08,30,2689,16
scene_08_30_000140,scene_08,30,3244,21
scene_08_30_000141,scene_08,30,3426,23
scene_08_30_000142,scene_08,30,3471,22
scene_08_30_000143,scene_08,30,3793,25
scene_08_30_000144,scene_08,30,4386,29
scene_08_30_000145,scene_08,30,4785,34
scene_08_30_000146,scene_08,30,4378,26
scene_08_30_000147,scene_08,30,3195,17
scene_08_30_000148,scene_08,30,2837,13
scene_08_30_000149,scene_08,30,2366,13
scene_08_30_000150,scene_08,30,2170,11
scene_08_30_000151,scene_08,30,1813,7
scene_08_30_000152,scene_08,30,2937,23
scene_08_30_000153,scene_08,30,2923,18
scene_08_30_000154,scene_08,30,3989,22
scene_08_30_000155,scene_08,30,4003,22
scene_08_30_000156,scene_08,30,4054,29
scene_08_30_000157,scene_08,30,3854,25
scene_08_30_000158,scene_08,30,3054,21
scene_08_30_000159,scene_08,30,3078,20
scene_08_30_000160,scene_08,30,2933,21
scene_08_30_000161,scene_08,30,2461,19
scene_08_30_000162,scene_08,30,2337,16
scene_08_30_000163,scene_08,30,1890,12
scene_08_30_000164,scene_08,30,941,6
scene_08_30_000166,scene_08,30,1089,11
scene_08_30_000167,scene_08,30,1284,11
scene_08_30_000168,scene_08,30,1637,15
scene_08_30_000169,scene_08,30,2078,16
scene_08_30_000170,scene_08,30,2289,22
scene_08_30_000171,scene_08,30,2429,19
scene_08_30_000172,scene_08,30,2440,18
scene_08_30_000173,scene_08,30,2948,19
scene_08_30_000174,scene_08,30,3063,22
scene_08_30_000175,scene_08,30,2978,19
scene_08_30_000176,scene_08,30,2416,16
scene_08_30_000177,scene_08,30,2055,15
scene_08_30_000178,scene_08,30,2042,14
scene_08_30_000179,scene_08,30,1761,16
scene_08_30_000180,scene_08,30,1794,13
scene_08_30_000181,scene_08,30,1332,13
scene_08_30_000182,scene_08,30,1269,11
scene_08_30_000183,scene_08,30,1017,8
scene_08_30_000185,scene_08,30,1504,13
scene_08_30_000186,scene_08,30,1719,16
scene_08_30_000187,scene_08,30,1957,19
scene_08_30_000188,scene_08,30,2056,15
scene_08_30_000189,scene_08,30,2036,16
scene_08_30_000190,scene_08,30,2217,17
scene_08_30_000191,scene_08,30,2606,18
scene_08_30_000192,scene_08,30,3034,22
scene_08_30_000193,scene_08,30,3196,17
scene_08_30_000194,scene_08,30,2628,16
scene_08_30_000195,scene_08,30,2304,11
scene_08_30_000196,scene_08,30,3037,21
scene_08_30_000197,scene_08,30,3992,22
scene_08_30_000198,scene_08,30,4161,24
scene_08_30_000199,scene_08,30,4108,22
scene_08_30_000200,scene_08,30,3967,21
scene_08_30_000201,scene_08,30,3334,19
scene_08_30_000202,scene_08,30,3031,16
scene_08_30_000203,scene_08,30,2735,17
scene_08_30_000204,scene_08,30,3044,17
scene_08_30_000205,scene_08,30,3450,19
scene_08_30_000206,scene_08,30,4599,20
scene_08_30_000207,scene_08,30,3946,17
scene_08_30_000208,scene_08,30,3785,14
scene_08_30_000209,scene_08,30,3021,15
scene_08_30_000210,scene_08,30,2561,11
scene_08_30_000211,scene_08,30,2471,10
scene_08_30_000212,scene_08,30,2474,9
scene_08_30_000213,scene_08,30,5129,15
scene_08_30_000214,scene_08,30,3856,17
scene_08_30_000215,scene_08,30,4115,18
scene_08_30_000216,scene_08,30,5015,28
scene_08_30_000217,scene_08,30,5408,25
scene_08_30_000218,scene_08,30,4204,25
scene_08_30_000219,scene_08,30,4391,21
scene_08_30_000220,scene_08,30,4065,21
scene_08_30_000221,scene_08,30,4527,26
scene_08_30_000222,scene_08,30,4938,25
scene_08_30_000223,scene_08,30,5114,31
scene_08_30_000224,scene_08,30,5127,29
scene_08_30_000225,scene_08,30,4652,28
scene_08_30_000226,scene_08,30,3753,23
scene_08_30_000227,scene_08,30,3240,20
scene_08_30_000228,scene_08,30,3109,23
scene_08_30_000229,scene_08,30,2773,21
scene_08_30_000230,scene_08,30,2588,17
scene_08_30_000231,scene_08,30,2102,19
scene_08_30_000232,scene_08,30,3237,20
scene_08_30_000233,scene_08,30,3774,28
scene_08_30_000234,scene_08,30,4617,30
scene_08_30_000235,scene_08,30,4968,28
scene_08_30_000236,scene_08,30,5305,29
scene_08_30_000237,scene_08,30,5151,29
scene_08_30_000238,scene_08,30,4923,26
scene_08_30_000239,scene_08,30,5252,25
scene_08_30_000240,scene_08,30,5006,23
scene_08_30_000241,scene_08,30,5622,19
scene_08_30_000242,scene_08,30,6639,26
scene_08_30_000243,scene_08,30,6982,24
scene_08_30_000244,scene_08,30,5940,19
scene_08_30_000245,scene_08,30,5450,16
scene_08_30_000246,scene_08,30,5015,15
scene_08_30_000247,scene_08,30,4419,12
scene_08_30_000248,scene_08,30,3451,11
scene_08_30_000249,scene_08,30,2907,11
scene_08_30_000250,scene_08,30,4553,14
scene_08_30_000251,scene_08,30,5139,14
scene_08_30_000252,scene_08,30,5365,19
scene_08_30_000253,scene_08,30,5811,21
scene_08_30_000254,scene_08,30,6574,23
scene_08_30_000255,scene_08,30,7101,25
scene_08_30_000256,scene_08,30,5850,23
scene_08_30_000257,scene_08,30,5747,21
scene_08_30_000258,scene_08,30,5030,21
scene_08_30_000259,scene_08,30,5321,24
scene_08_30_000260,scene_08,30,5057,26
scene_08_30_000261,scene_08,30,5084,26
scene_08_30_000262,scene_08,30,5171,28
scene_08_30_000263,scene_08,30,4689,31
scene_08_30_000264,scene_08,30,3768,24
scene_08_30_000265,scene_08,30,3252,21
scene_08_30_000266,scene_08,30,3088,21
scene_08_30_000267,scene_08,30,2796,20
scene_08_30_000268,scene_08,30,1931,13
scene_08_30_000269,scene_08,30,981,8
scene_08_30_000270,scene_08,30,1323,11
scene_08_30_000271,scene_08,30,2576,19
scene_08_30_000272,scene_08,30,2656,16
scene_08_30_000273,scene_08,30,2676,18
scene_08_30_000274,scene_08,30,3083,19
scene_08_30_000275,scene_08,30,3517,24
scene_08_30_000276,scene_08,30,3924,26
scene_08_30_000277,scene_08,30,4028,26
scene_08_30_000278,scene_08,30,3909,23
scene_08_30_000279,scene_08,30,3753,20
scene_08_30_000280,scene_08,30,4383,21
scene_08_30_000281,scene_08,30,4662,25
scene_08_30_000282,scene_08,30,5216,24
scene_08_30_000283,scene_08,30,6344,26
scene_08_30_000284,scene_08,30,6504,23
scene_08_30_000285,scene_08,30,5826,20
scene_08_30_000286,scene_08,30,5320,18
scene_08_30_000287,scene_08,30,4922,19
scene_08_30_000288,scene_08,30,4350,14
scene_08_30_000289,scene_08,30,3339,11
scene_08_30_000290,scene_08,30,2670,10
scene_08_30_000291,scene_08,30,3490,10
scene_08_30_000292,scene_08,30,4102,14
scene_08_30_000293,scene_08,30,4224,16
scene_08_30_000294,scene_08,30,4366,19
scene_08_30_000295,scene_08,30,4611,19
scene_08_30_000296,scene_08,30,5088,22
scene_08_30_000297,scene_08,30,4760,23
scene_08_30_000298,scene_08,30,4162,21
scene_08_30_000299,scene_08,30,3435,18
scene_08_30_000300,scene_08,30,3620,17
scene_08_30_000301,scene_08,30,3043,18
scene_08_30_000302,scene_08,30,2770,19
scene_08_30_000303,scene_08,30,3199,22
scene_08_30_000304,scene_08,30,3104,19
scene_08_30_000305,scene_08,30,2592,18
scene_08_30_000306,scene_08,30,2175,16
scene_08_30_000307,scene_08,30,2035,14
scene_08_30_000308,scene_08,30,1810,15
scene_08_30_000309,scene_08,30,1286,11
scene_08_30_000310,scene_08,30,1000,10
scene_08_30_000313,scene_08,30,837,9
scene_08_30_000314,scene_08,30,1662,16
scene_08_30_000315,scene_08,30,1937,15
scene_08_30_000316,scene_08,30,1907,15
scene_08_30_000317,scene_08,30,2157,20
scene_08_30_000318,scene_08,30,2630,18
scene_08_30_000319,scene_08,30,3108,20
scene_08_30_000320,scene_08,30,3180,19
scene_08_30_000321,scene_08,30,2737,19
scene_08_30_000322,scene_08,30,2802,17
scene_08_30_000323,scene_08,30,3409,16
scene_08_30_000324,scene_08,30,3675,13
scene_08_30_000325,scene_08,30,4475,15
scene_08_30_000326,scene_08,30,5195,18
scene_08_30_000327,scene_08,30,4983,16
scene_08_30_000328,scene_08,30,4553,12
scene_08_30_000329,scene_08,30,4149,11
scene_08_30_000330,scene_08,30,4170,11
scene_08_30_000331,scene_08,30,3782,9
scene_08_30_000332,scene_08,30,2958,9
scene_08_30_000333,scene_08,30,2443,8
scene_08_30_000334,scene_08,30,3831,8
scene_08_30_000335,scene_08,30,3860,9
scene_08_30_000336,scene_08,30,4147,9
scene_08_30_000337,scene_08,30,4496,11
scene_08_30_000338,scene_08,30,4758,16
scene_08_30_000339,scene_08,30,4451,15
scene_08_30_000340,scene_08,30,4268,13
scene_08_30_000341,scene_08,30,3954,14
scene_08_30_000342,scene_08,30,3147,14
scene_08_30_000343,scene_08,30,2401,16
scene_08_30_000344,scene_08,30,2249,15
scene_08_30_000345,scene_08,30,2537,19
scene_08_30_000346,scene_08,30,2289,18
scene_08_30_000347,scene_08,30,1827,14
scene_08_30_000348,scene_08,30,1338,12
scene_08_30_000349,scene_08,30,1270,10
scene_08_30_000351,scene_08,30,1936,15
scene_08_30_000352,scene_08,30,2043,13
scene_08_30_000353,scene_08,30,2460,14
scene_08_30_000354,scene_08,30,2859,15
scene_08_30_000355,scene_08,30,2825,13
scene_08_30_000356,scene_08,30,3441,15
scene_08_30_000357,scene_08,30,3917,14
scene_08_30_000358,scene_08,30,4144,14
scene_08_30_000359,scene_08,30,4255,14
scene_08_30_000360,scene_08,30,3960,8
scene_08_30_000361,scene_08,30,3582,6
scene_08_30_000362,scene_08,30,3214,5
scene_08_30_000363,scene_08,30,3190,6
scene_08_30_000364,scene_08,30,2706,5
scene_08_30_000365,scene_08,30,1794,6
scene_08_30_000366,scene_08,30,3220,6
scene_08_30_000367,scene_08,30,3091,6
scene_08_30_000368,scene_08,30,3088,5
scene_08_30_000369,scene_08,30,3275,5
scene_08_30_000370,scene_08,30,3412,5
scene_08_30_000371,scene_08,30,3758,6
scene_08_30_000372,scene_08,30,3711,6
scene_08_30_000373,scene_08,30,2959,9
scene_08_30_000374,scene_08,30,1999,9
scene_08_30_000375,scene_08,30,2323,7
scene_08_30_000376,scene_08,30,2653,5
scene_08_30_000377,scene_08,30,2631,4
scene_08_30_000378,scene_08,30,2296,4
scene_08_30_000379,scene_08,30,1937,4
scene_08_30_000380,scene_08,30,1803,4
scene_08_30_000381,scene_08,30,1631,5
scene_08_30_000382,scene_08,30,1394,4
scene_08_40_000000,scene_08,40,3004,11
scene_08_40_000001,scene_08,40,2630,14
scene_08_40_000002,scene_08,40,3861,17
scene_08_40_000003,scene_08,40,3796,17
scene_08_40_000004,scene_08,40,3906,17
scene_08_40_000005,scene_08,40,5744,19
scene_08_40_000006,scene_08,40,5240,16
scene_08_40_000007,scene_08,40,4240,16
scene_08_40_000008,scene_08,40,3809,10
scene_08_40_000009,scene_08,40,3493,10
scene_08_40_000010,scene_08,40,3045,7
scene_08_40_000011,scene_08,40,2481,5
scene_08_40_000012,scene_08,40,2752,5
scene_08_40_000013,scene_08,40,2554,3
scene_08_40_000016,scene_08,40,1028,2
scene_08_40_000017,scene_08,40,1231,2
scene_08_40_000018,scene_08,40,1251,3
scene_08_40_000019,scene_08,40,1647,3
scene_08_40_000022,scene_08,40,2307,4
scene_08_40_000023,scene_08,40,2982,4
scene_08_40_000024,scene_08,40,3268,9
scene_08_40_000025,scene_08,40,3491,14
scene_08_40_000026,scene_08,40,4100,13
scene_08_40_000027,scene_08,40,4352,14
scene_08_40_000028,scene_08,40,4709,18
scene_08_40_000029,scene_08,40,5384,22
scene_08_40_000030,scene_08,40,6660,24
scene_08_40_000031,scene_08,40,4873,26
scene_08_40_000032,scene_08,40,4732,23
scene_08_40_000033,scene_08,40,3747,18
scene_08_40_000034,scene_08,40,3111,13
scene_08_40_000035,scene_08,40,4212,16
scene_08_40_000036,scene_08,40,5048,23
scene_08_40_000037,scene_08,40,5098,32
scene_08_40_000038,scene_08,40,6986,25
scene_08_40_000039,scene_08,40,6150,24
scene_08_40_000040,scene_08,40,5150,20
scene_08_40_000041,scene_08,40,4797,16
scene_08_40_000042,scene_08,40,4596,14
scene_08_40_000043,scene_08,40,4000,12
scene_08_40_000044,scene_08,40,3459,12
scene_08_40_000045,scene_08,40,3294,10
scene_08_40_000046,scene_08,40,2494,5
scene_08_40_000049,scene_08,40,1129,2
scene_08_40_000050,scene_08,40,1228,2
scene_08_40_000051,scene_08,40,1189,5
scene_08_40_000052,scene_08,40,1328,4
scene_08_40_000053,scene_08,40,1897,4
scene_08_40_000054,scene_08,40,3452,8
scene_08_40_000055,scene_08,40,3883,15
scene_08_40_000056,scene_08,40,4283,16
scene_08_40_000057,scene_08,40,4946,19
scene_08_40_000058,scene_08,40,5271,20
scene_08_40_000059,scene_08,40,5555,20
scene_08_40_000060,scene_08,40,6192,23
scene_08_40_000061,scene_08,40,7543,29
scene_08_40_000062,scene_08,40,6776,31
scene_08_40_000063,scene_08,40,5896,25
scene_08_40_000064,scene_08,40,4833,25
scene_08_40_000065,scene_08,40,4124,17
scene_08_40_000066,scene_08,40,3493,17
scene_08_40_000067,scene_08,40,4047,24
scene_08_40_000068,scene_08,40,4841,33
scene_08_40_000069,scene_08,40,5287,30
scene_08_40_000070,scene_08,40,6772,43
scene_08_40_000071,scene_08,40,6883,33
scene_08_40_000072,scene_08,40,5539,27
scene_08_40_000073,scene_08,40,5407,25
scene_08_40_000074,scene_08,40,5174,21
scene_08_40_000075,scene_08,40,4487,19
scene_08_40_000076,scene_08,40,4185,17
scene_08_40_000077,scene_08,40,3891,17
scene_08_40_000078,scene_08,40,3399,10
scene_08_40_000081,scene_08,40,1045,2
scene_08_40_000082,scene_08,40,1874,10
scene_08_40_000083,scene_08,40,1408,10
scene_08_40_000084,scene_08,40,3177,9
scene_08_40_000085,scene_08,40,4369,19
scene_08_40_000086,scene_08,40,4034,20
scene_08_40_000087,scene_08,40,4204,22
scene_08_40_000088,scene_08,40,4872,26
scene_08_40_000089,scene_08,40,5068,27
scene_08_40_000090,scene_08,40,5132,29
scene_08_40_000091,scene_08,40,6497,31
scene_08_40_000092,scene_08,40,5962,36
scene_08_40_000093,scene_08,40,5409,27
scene_08_40_000094,scene_08,40,4131,25
scene_08_40_000095,scene_08,40,3695,21
scene_08_40_000096,scene_08,40,3382,16
scene_08_40_000097,scene_08,40,2915,11
scene_08_40_000098,scene_08,40,2569,14
scene_08_40_000099,scene_08,40,3712,18
scene_08_40_000100,scene_08,40,4118,31
scene_08_40_000101,scene_08,40,5301,26
scene_08_40_000102,scene_08,40,5696,32
scene_08_40_000103,scene_08,40,4386,31
scene_08_40_000104,scene_08,40,4249,23
scene_08_40_000105,scene_08,40,3800,22
scene_08_40_000106,scene_08,40,3469,19
scene_08_40_000107,scene_08,40,3054,15
scene_08_40_000108,scene_08,40,1868,8
scene_08_40_000112,scene_08,40,1920,14
scene_08_40_000113,scene_08,40,2207,14
scene_08_40_000114,scene_08,40,2531,16
scene_08_40_000115,scene_08,40,2707,17
scene_08_40_000116,scene_08,40,3246,22
scene_08_40_000117,scene_08,40,3422,26
scene_08_40_000118,scene_08,40,3428,21
scene_08_40_000119,scene_08,40,4060,25
scene_08_40_000120,scene_08,40,4517,30
scene_08_40_000121,scene_08,40,4691,25
scene_08_40_000122,scene_08,40,3568,25
scene_08_40_000123,scene_08,40,3027,19
scene_08_40_000124,scene_08,40,2859,14
scene_08_40_000125,scene_08,40,2347,10
scene_08_40_000126,scene_08,40,2575,18
scene_08_40_000127,scene_08,40,2724,16
scene_08_40_000128,scene_08,40,3793,21
scene_08_40_000129,scene_08,40,3999,23
scene_08_40_000130,scene_08,40,4190,32
scene_08_40_000131,scene_08,40,3951,25
scene_08_40_000132,scene_08,40,3124,22
scene_08_40_000133,scene_08,40,3095,20
scene_08_40_000134,scene_08,40,2987,20
scene_08_40_000135,scene_08,40,2473,20
scene_08_40_000136,scene_08,40,2320,18
scene_08_40_000137,scene_08,40,1680,16
scene_08_40_000138,scene_08,40,983,6
scene_08_40_000140,scene_08,40,1688,14
scene_08_40_000141,scene_08,40,2130,16
scene_08_40_000142,scene_08,40,2342,16
scene_08_40_000143,scene_08,40,2472,17
scene_08_40_000144,scene_08,40,2397,18
scene_08_40_000145,scene_08,40,2979,20
scene_08_40_000146,scene_08,40,3196,24
scene_08_40_000147,scene_08,40,2922,19
scene_08_40_000148,scene_08,40,2073,14
scene_08_40_000149,scene_08,40,2045,15
scene_08_40_000150,scene_08,40,1956,16
scene_08_40_000151,scene_08,40,1444,15
scene_08_40_000152,scene_08,40,1552,13
scene_08_40_000153,scene_08,40,1309,10
scene_08_40_000154,scene_08,40,1027,10
scene_08_40_000156,scene_08,40,1404,12
scene_08_40_000157,scene_08,40,1494,16
scene_08_40_000158,scene_08,40,1901,16
scene_08_40_000159,scene_08,40,2039,14
scene_08_40_000160,scene_08,40,2022,16
scene_08_40_000161,scene_08,40,2162,21
scene_08_40_000162,scene_08,40,2724,17
scene_08_40_000163,scene_08,40,3000,23
scene_08_40_000164,scene_08,40,2846,17
scene_08_40_000165,scene_08,40,2121,13
scene_08_40_000166,scene_08,40,2992,20
scene_08_40_000167,scene_08,40,3609,25
scene_08_40_000168,scene_08,40,4052,27
scene_08_40_000169,scene_08,40,4210,26
scene_08_40_000170,scene_08,40,4127,23
scene_08_40_000171,scene_08,40,3694,17
scene_08_40_000172,scene_08,40,3306,16
scene_08_40_000173,scene_08,40,3020,21
scene_08_40_000174,scene_08,40,3114,15
scene_08_40_000175,scene_08,40,3138,14
scene_08_40_000176,scene_08,40,4241,14
scene_08_40_000177,scene_08,40,5054,16
scene_08_40_000178,scene_08,40,5370,15
scene_08_40_000179,scene_08,40,5813,18
scene_08_40_000180,scene_08,40,6783,22
scene_08_40_000181,scene_08,40,6751,26
scene_08_40_000182,scene_08,40,5772,20
scene_08_40_000183,scene_08,40,5327,25
scene_08_40_000184,scene_08,40,5446,21
scene_08_40_000185,scene_08,40,4986,24
scene_08_40_000186,scene_08,40,5038,24
scene_08_40_000187,scene_08,40,5117,29
scene_08_40_000188,scene_08,40,4975,28
scene_08_40_000189,scene_08,40,3743,24
scene_08_40_000190,scene_08,40,3254,21
scene_08_40_000191,scene_08,40,3117,19
scene_08_40_000192,scene_08,40,2671,17
scene_08_40_000193,scene_08,40,2338,18
scene_08_40_000194,scene_08,40,2038,15
scene_08_40_000195,scene_08,40,3220,22
scene_08_40_000196,scene_08,40,3288,25
scene_08_40_000197,scene_08,40,3772,25
scene_08_40_000198,scene_08,40,4757,30
scene_08_40_000199,scene_08,40,5178,32
scene_08_40_000200,scene_08,40,5239,31
scene_08_40_000201,scene_08,40,4856,25
scene_08_40_000202,scene_08,40,4922,24
scene_08_40_000203,scene_08,40,5031,20
scene_08_40_000204,scene_08,40,5441,20
scene_08_40_000205,scene_08,40,6220,28
scene_08_40_000206,scene_08,40,7026,25
scene_08_40_000207,scene_08,40,5970,21
scene_08_40_000208,scene_08,40,5380,16
scene_08_40_000209,scene_08,40,4966,17
scene_08_40_000210,scene_08,40,4255,13
scene_08_40_000211,scene_08,40,3316,11
scene_08_40_000212,scene_08,40,3347,13
scene_08_40_000213,scene_08,40,4239,12
scene_08_40_000214,scene_08,40,4963,15
scene_08_40_000215,scene_08,40,5370,16
scene_08_40_000216,scene_08,40,5868,16
scene_08_40_000217,scene_08,40,6589,23
scene_08_40_000218,scene_08,40,6491,25
scene_08_40_000219,scene_08,40,5538,21
scene_08_40_000220,scene_08,40,4769,22
scene_08_40_000221,scene_08,40,4956,20
scene_08_40_000222,scene_08,40,4445,26
scene_08_40_000223,scene_08,40,4360,25
scene_08_40_000224,scene_08,40,4316,28
scene_08_40_000225,scene_08,40,4266,30
scene_08_40_000226,scene_08,40,3339,23
scene_08_40_000227,scene_08,40,2858,23
scene_08_40_000228,scene_08,40,2685,21
scene_08_40_000229,scene_08,40,2426,16
scene_08_40_000230,scene_08,40,1689,12
scene_08_40_000231,scene_08,40,905,8
scene_08_40_000232,scene_08,40,1006,9
scene_08_40_000233,scene_08,40,1839,16
scene_08_40_000234,scene_08,40,2050,19
scene_08_40_000235,scene_08,40,2024,19
scene_08_40_000236,scene_08,40,2541,21
scene_08_40_000237,scene_08,40,2909,25
scene_08_40_000238,scene_08,40,3385,26
scene_08_40_000239,scene_08,40,3257,24
scene_08_40_000240,scene_08,40,3270,22
scene_08_40_000241,scene_08,40,3866,19
scene_08_40_000242,scene_08,40,4089,16
scene_08_40_000243,scene_08,40,4892,20
scene_08_40_000244,scene_08,40,5562,23
scene_08_40_000245,scene_08,40,6173,20
scene_08_40_000246,scene_08,40,5404,18
scene_08_40_000247,scene_08,40,5075,16
scene_08_40_000248,scene_08,40,4678,16
scene_08_40_000249,scene_08,40,3939,14
scene_08_40_000250,scene_08,40,2965,11
scene_08_40_000251,scene_08,40,4004,11
scene_08_40_000252,scene_08,40,4307,13
scene_08_40_000253,scene_08,40,4163,12
scene_08_40_000254,scene_08,40,4547,15
scene_08_40_000255,scene_08,40,4960,18
scene_08_40_000256,scene_08,40,5089,18
scene_08_40_000257,scene_08,40,4590,15
scene_08_40_000258,scene_08,40,4070,14
scene_08_40_000259,scene_08,40,3767,14
scene_08_40_000260,scene_08,40,2934,15
scene_08_40_000261,scene_08,40,2794,17
scene_08_40_000262,scene_08,40,3172,21
scene_08_40_000263,scene_08,40,2956,21
scene_08_40_000264,scene_08,40,2510,18
scene_08_40_000265,scene_08,40,2008,14
scene_08_40_000266,scene_08,40,1924,15
scene_08_40_000267,scene_08,40,1163,10
scene_08_40_000269,scene_08,40,1337,13
scene_08_40_000270,scene_08,40,1336,11
scene_08_40_000271,scene_08,40,1766,14
scene_08_40_000272,scene_08,40,1932,16
scene_08_40_000273,scene_08,40,2041,17
scene_08_40_000274,scene_08,40,2376,19
scene_08_40_000275,scene_08,40,2731,22
scene_08_40_000276,scene_08,40,2549,19
scene_08_40_000277,scene_08,40,2563,17
scene_08_40_000278,scene_08,40,3309,18
scene_08_40_000279,scene_08,40,3811,15
scene_08_40_000280,scene_08,40,4375,13
scene_08_40_000281,scene_08,40,4772,17
scene_08_40_000282,scene_08,40,4647,12
scene_08_40_000283,scene_08,40,4219,8
scene_08_40_000284,scene_08,40,3860,9
scene_08_40_000285,scene_08,40,3760,10
scene_08_40_000286,scene_08,40,3071,8
scene_08_40_000287,scene_08,40,3265,5
scene_08_40_000288,scene_08,40,3211,5
scene_08_40_000289,scene_08,40,3382,8
scene_08_40_000290,scene_08,40,3636,9
scene_08_40_000291,scene_08,40,4009,9
scene_08_40_000292,scene_08,40,4150,11
scene_08_40_000293,scene_08,40,4079,11
scene_08_40_000294,scene_08,40,3745,14
scene_08_40_000295,scene_08,40,3031,14
scene_08_40_000296,scene_08,40,2188,14
scene_08_40_000297,scene_08,40,2168,13
scene_08_40_000298,scene_08,40,2105,14
scene_08_40_000299,scene_08,40,1734,15
scene_08_40_000300,scene_08,40,1147,8
scene_08_40_000301,scene_08,40,2039,9
scene_08_40_000302,scene_08,40,2108,8
scene_08_40_000303,scene_08,40,2302,7
scene_08_40_000304,scene_08,40,3730,8
scene_08_40_000305,scene_08,40,3469,9
scene_08_40_000306,scene_08,40,3329,6
scene_08_40_000307,scene_08,40,3023,5
scene_08_40_000308,scene_08,40,3009,5
scene_08_40_000309,scene_08,40,3036,6
scene_08_40_000310,scene_08,40,2380,5
scene_08_40_000311,scene_08,40,1333,3
scene_08_40_000312,scene_08,40,1361,6
scene_08_40_000313,scene_08,40,1308,6
scene_08_40_000314,scene_08,40,1269,4
scene_08_40_000315,scene_08,40,1267,4
scene_08_50_000000,scene_08,50,1136,2
scene_08_50_000002,scene_08,50,2363,3
scene_08_50_000003,scene_08,50,2686,4
scene_08_50_000004,scene_08,50,3793,16
scene_08_50_000005,scene_08,50,4939,17
scene_08_50_000006,scene_08,50,4952,18
scene_08_50_000007,scene_08,50,4303,14
scene_08_50_000008,scene_08,50,3796,10
scene_08_50_000009,scene_08,50,3305,10
scene_08_50_000010,scene_08,50,2881,7
scene_08_50_000011,scene_08,50,3160,7
scene_08_50_000012,scene_08,50,2410,6
scene_08_50_000013,scene_08,50,846,3
scene_08_50_000014,scene_08,50,1252,2
scene_08_50_000015,scene_08,50,1238,2
scene_08_50_000016,scene_08,50,1743,2
scene_08_50_000017,scene_08,50,1461,5
scene_08_50_000018,scene_08,50,3358,9
scene_08_50_000019,scene_08,50,4080,11
scene_08_50_000020,scene_08,50,4044,10
scene_08_50_000021,scene_08,50,4117,11
scene_08_50_000022,scene_08,50,4766,13
scene_08_50_000023,scene_08,50,5539,18
scene_08_50_000024,scene_08,50,5961,26
scene_08_50_000025,scene_08,50,4621,19
scene_08_50_000026,scene_08,50,3504,14
scene_08_50_000027,scene_08,50,3366,16
scene_08_50_000028,scene_08,50,4278,21
scene_08_50_000029,scene_08,50,4831,24
scene_08_50_000030,scene_08,50,6421,22
scene_08_50_000031,scene_08,50,6673,26
scene_08_50_000032,scene_08,50,5476,25
scene_08_50_000033,scene_08,50,4881,18
scene_08_50_000034,scene_08,50,4057,16
scene_08_50_000035,scene_08,50,4546,16
scene_08_50_000036,scene_08,50,4154,12
scene_08_50_000037,scene_08,50,1788,9
scene_08_50_000038,scene_08,50,1090,4
scene_08_50_000040,scene_08,50,1790,12
scene_08_50_000041,scene_08,50,2858,13
scene_08_50_000042,scene_08,50,4540,17
scene_08_50_000043,scene_08,50,4694,19
scene_08_50_000044,scene_08,50,4792,20
scene_08_50_000045,scene_08,50,5589,21
scene_08_50_000046,scene_08,50,6201,27
scene_08_50_000047,scene_08,50,7617,29
scene_08_50_000048,scene_08,50,6615,24
scene_08_50_000049,scene_08,50,4424,23
scene_08_50_000050,scene_08,50,4236,18
scene_08_50_000051,scene_08,50,3672,13
scene_08_50_000052,scene_08,50,6192,30
scene_08_50_000053,scene_08,50,6603,30
scene_08_50_000054,scene_08,50,6801,33
scene_08_50_000055,scene_08,50,5840,30
scene_08_50_000056,scene_08,50,5189,26
scene_08_50_000057,scene_08,50,4855,27
scene_08_50_000058,scene_08,50,4632,22
scene_08_50_000059,scene_08,50,3756,19
scene_08_50_000060,scene_08,50,1699,12
scene_08_50_000063,scene_08,50,1924,18
scene_08_50_000064,scene_08,50,2493,21
scene_08_50_000065,scene_08,50,3585,23
scene_08_50_000066,scene_08,50,3520,22
scene_08_50_000067,scene_08,50,4059,29
scene_08_50_000068,scene_08,50,4258,29
scene_08_50_000069,scene_08,50,5252,31
scene_08_50_000070,scene_08,50,5113,25
scene_08_50_000071,scene_08,50,4285,20
scene_08_50_000072,scene_08,50,2952,16
scene_08_50_000073,scene_08,50,4969,26
scene_08_50_000074,scene_08,50,5074,31
scene_08_50_000075,scene_08,50,4510,28
scene_08_50_000076,scene_08,50,4064,27
scene_08_50_000077,scene_08,50,3450,24
scene_08_50_000078,scene_08,50,3459,21
scene_08_50_000079,scene_08,50,2518,22
scene_08_50_000080,scene_08,50,1799,12
scene_08_50_000083,scene_08,50,1678,13
scene_08_50_000084,scene_08,50,1827,16
scene_08_50_000085,scene_08,50,2647,17
scene_08_50_000086,scene_08,50,2594,18
scene_08_50_000087,scene_08,50,2844,22
scene_08_50_000088,scene_08,50,3183,20
scene_08_50_000089,scene_08,50,3784,24
scene_08_50_000090,scene_08,50,3511,22
scene_08_50_000091,scene_08,50,2812,14
scene_08_50_000092,scene_08,50,2040,10
scene_08_50_000093,scene_08,50,4281,19
scene_08_50_000094,scene_08,50,3598,16
scene_08_50_000095,scene_08,50,3229,12
scene_08_50_000096,scene_08,50,3008,10
scene_08_50_000097,scene_08,50,4600,13
scene_08_50_000098,scene_08,50,5034,17
scene_08_50_000099,scene_08,50,5976,20
scene_08_50_000100,scene_08,50,6896,25
scene_08_50_000101,scene_08,50,6651,26
scene_08_50_000102,scene_08,50,5744,21
scene_08_50_000103,scene_08,50,4627,20
scene_08_50_000104,scene_08,50,4308,21
scene_08_50_000105,scene_08,50,5054,28
scene_08_50_000106,scene_08,50,4683,26
scene_08_50_000107,scene_08,50,3576,21
scene_08_50_000108,scene_08,50,3977,24
scene_08_50_000109,scene_08,50,4382,29
scene_08_50_000110,scene_08,50,5341,32
scene_08_50_000111,scene_08,50,5208,32
scene_08_50_000112,scene_08,50,4504,28
scene_08_50_000113,scene_08,50,4732,24
scene_08_50_000114,scene_08,50,6391,26
scene_08_50_000115,scene_08,50,6654,29
scene_08_50_000116,scene_08,50,6810,23
scene_08_50_000117,scene_08,50,5593,21
scene_08_50_000118,scene_08,50,4587,14
scene_08_50_000119,scene_08,50,4320,14
scene_08_50_000120,scene_08,50,3366,9
scene_08_50_000121,scene_08,50,1410,3
scene_08_50_000122,scene_08,50,3868,12
scene_08_50_000123,scene_08,50,3973,13
scene_08_50_000124,scene_08,50,4409,17
scene_08_50_000125,scene_08,50,5393,17
scene_08_50_000126,scene_08,50,6076,22
scene_08_50_000127,scene_08,50,5328,23
scene_08_50_000128,scene_08,50,4810,22
scene_08_50_000129,scene_08,50,3933,22
scene_08_50_000130,scene_08,50,4081,24
scene_08_50_000131,scene_08,50,5053,26
scene_08_50_000132,scene_08,50,4482,28
scene_08_50_000133,scene_08,50,3639,21
scene_08_50_000134,scene_08,50,3101,23
scene_08_50_000135,scene_08,50,2721,16
scene_08_50_000136,scene_08,50,1196,11
scene_08_50_000137,scene_08,50,2689,19
scene_08_50_000138,scene_08,50,2662,23
scene_08_50_000139,scene_08,50,3265,22
scene_08_50_000140,scene_08,50,3561,25
scene_08_50_000141,scene_08,50,3285,24
scene_08_50_000142,scene_08,50,2628,14
scene_08_50_000143,scene_08,50,3095,15
scene_08_50_000144,scene_08,50,3620,13
scene_08_50_000145,scene_08,50,4633,13
scene_08_50_000146,scene_08,50,4542,13
scene_08_50_000147,scene_08,50,4402,10
scene_08_50_000148,scene_08,50,3836,9
scene_08_50_000149,scene_08,50,3832,9
scene_08_50_000150,scene_08,50,2537,9
scene_08_50_000151,scene_08,50,1539,4
scene_08_50_000152,scene_08,50,2000,5
scene_08_50_000153,scene_08,50,2615,5
scene_08_50_000154,scene_08,50,2937,5
scene_08_50_000155,scene_08,50,2980,7
scene_08_50_000156,scene_08,50,3387,7
scene_08_50_000157,scene_08,50,3967,10
scene_08_50_000158,scene_08,50,3539,9
scene_08_50_000159,scene_08,50,3364,13
scene_08_50_000160,scene_08,50,2735,16
scene_08_50_000161,scene_08,50,2654,16
scene_08_50_000162,scene_08,50,3068,19
scene_08_50_000163,scene_08,50,2724,19
scene_08_50_000164,scene_08,50,2029,15
scene_08_50_000165,scene_08,50,1942,15
scene_08_50_000166,scene_08,50,1519,12
scene_08_50_000167,scene_08,50,1736,15
scene_08_50_000168,scene_08,50,2013,17
scene_08_50_000169,scene_08,50,2475,19
scene_08_50_000170,scene_08,50,2775,21
scene_08_50_000171,scene_08,50,2284,16
scene_08_50_000172,scene_08,50,2491,14
scene_08_50_000173,scene_08,50,3150,11
scene_08_50_000174,scene_08,50,3171,10
scene_08_50_000175,scene_08,50,3280,11
scene_08_50_000176,scene_08,50,3184,6
scene_08_50_000177,scene_08,50,2618,3
scene_08_50_000178,scene_08,50,3164,6
scene_08_50_000179,scene_08,50,2310,4
scene_08_50_000180,scene_08,50,1712,4
scene_08_50_000181,scene_08,50,1248,2
scene_09_30_000027,scene_09,30,1379,15
scene_09_30_000028,scene_09,30,3106,9
scene_09_30_000029,scene_09,30,3103,9
scene_09_30_000030,scene_09,30,3098,11
scene_09_30_000031,scene_09,30,3126,10
scene_09_30_000032,scene_09,30,3173,10
scene_09_30_000033,scene_09,30,3108,13
scene_09_30_000034,scene_09,30,3094,8
scene_09_30_000035,scene_09,30,1047,13
scene_09_30_000061,scene_09,30,3106,14
scene_09_30_000062,scene_09,30,3110,13
scene_09_30_000063,scene_09,30,3098,15
scene_09_30_000064,scene_09,30,3076,16
scene_09_30_000065,scene_09,30,3066,12
scene_09_30_000088,scene_09,30,1191,11
scene_09_30_000089,scene_09,30,1252,12
scene_09_30_000090,scene_09,30,2306,17
scene_09_30_000091,scene_09,30,3707,18
scene_09_30_000092,scene_09,30,3711,17
scene_09_30_000093,scene_09,30,3758,16
scene_09_30_000094,scene_09,30,3775,15
scene_09_30_000095,scene_09,30,3961,22
scene_09_30_000096,scene_09,30,3963,20
scene_09_30_000097,scene_09,30,3844,14
scene_09_30_000098,scene_09,30,3750,15
scene_09_30_000135,scene_09,30,1198,11
scene_09_30_000136,scene_09,30,2235,16
scene_09_30_000137,scene_09,30,3217,16
scene_09_30_000138,scene_09,30,3349,11
scene_09_30_000139,scene_09,30,3464,12
scene_09_30_000140,scene_09,30,3478,12
scene_09_30_000141,scene_09,30,3514,11
scene_09_30_000142,scene_09,30,3514,10
scene_09_30_000143,scene_09,30,3335,15
scene_09_30_000144,scene_09,30,3343,12
scene_09_30_000145,scene_09,30,3324,10
scene_09_30_000146,scene_09,30,2324,12
scene_09_30_000166,scene_09,30,1771,12
scene_09_30_000167,scene_09,30,2188,15
scene_09_30_000168,scene_09,30,2845,12
scene_09_30_000169,scene_09,30,3130,12
scene_09_30_000170,scene_09,30,3144,13
scene_09_30_000171,scene_09,30,3131,17
scene_09_30_000172,scene_09,30,2589,16
scene_09_30_000173,scene_09,30,3012,18
scene_09_30_000174,scene_09,30,2930,14
scene_09_30_000175,scene_09,30,3096,15
scene_09_30_000176,scene_09,30,3360,19
scene_09_30_000177,scene_09,30,3845,16
scene_09_30_000178,scene_09,30,3844,15
scene_09_30_000179,scene_09,30,3742,15
scene_09_30_000180,scene_09,30,3311,12
scene_09_30_000181,scene_09,30,2423,9
scene_09_30_000182,scene_09,30,1976,9
scene_09_30_000183,scene_09,30,1439,7
scene_09_30_000184,scene_09,30,3267,13
scene_09_30_000185,scene_09,30,3660,12
scene_09_30_000186,scene_09,30,3694,15
scene_09_30_000187,scene_09,30,3881,14
scene_09_30_000188,scene_09,30,3839,14
scene_09_30_000189,scene_09,30,3795,16
scene_09_30_000190,scene_09,30,3462,13
scene_09_30_000191,scene_09,30,3030,15
scene_09_30_000192,scene_09,30,2953,18
scene_09_30_000193,scene_09,30,2780,10
scene_09_30_000194,scene_09,30,2855,12
scene_09_30_000195,scene_09,30,2400,12
scene_09_30_000196,scene_09,30,2934,16
scene_09_30_000197,scene_09,30,3182,15
scene_09_30_000198,scene_09,30,3147,9
scene_09_30_000199,scene_09,30,3159,12
scene_09_30_000200,scene_09,30,3105,13
scene_09_30_000201,scene_09,30,2468,8
scene_09_30_000202,scene_09,30,1914,9
scene_09_30_000203,scene_09,30,4649,14
scene_09_30_000204,scene_09,30,4668,17
scene_09_30_000205,scene_09,30,3291,19
scene_09_30_000206,scene_09,30,1205,6
scene_09_30_000237,scene_09,30,4641,17
scene_09_30_000238,scene_09,30,4688,19
scene_09_30_000239,scene_09,30,5039,19
scene_09_40_000014,scene_09,40,1019,10
scene_09_40_000015,scene_09,40,3184,13
scene_09_40_000016,scene_09,40,3216,13
scene_09_40_000017,scene_09,40,3573,11
scene_09_40_000018,scene_09,40,3551,9
scene_09_40_000019,scene_09,40,3660,10
scene_09_40_000020,scene_09,40,3695,17
scene_09_40_000021,scene_09,40,3502,9
scene_09_40_000022,scene_09,40,3474,11
scene_09_40_000023,scene_09,40,1131,7
scene_09_40_000052,scene_09,40,1138,11
scene_09_40_000053,scene_09,40,1598,17
scene_09_40_000054,scene_09,40,3514,10
scene_09_40_000055,scene_09,40,3532,12
scene_09_40_000056,scene_09,40,3997,15
scene_09_40_000057,scene_09,40,3703,14
scene_09_40_000058,scene_09,40,3805,14
scene_09_40_000059,scene_09,40,3934,16
scene_09_40_000060,scene_09,40,3790,18
scene_09_40_000061,scene_09,40,3530,13
scene_09_40_000062,scene_09,40,2162,15
scene_09_40_000063,scene_09,40,1160,10
scene_09_40_000092,scene_09,40,1175,12
scene_09_40_000093,scene_09,40,2770,15
scene_09_40_000094,scene_09,40,3810,14
scene_09_40_000095,scene_09,40,3807,16
scene_09_40_000096,scene_09,40,4255,17
scene_09_40_000097,scene_09,40,3496,10
scene_09_40_000098,scene_09,40,5062,16
scene_09_40_000099,scene_09,40,4766,16
scene_09_40_000100,scene_09,40,4142,12
scene_09_40_000101,scene_09,40,4375,12
scene_09_40_000102,scene_09,40,1405,11
scene_09_40_000132,scene_09,40,1125,10
scene_09_40_000133,scene_09,40,4420,12
scene_09_40_000134,scene_09,40,4376,14
scene_09_40_000135,scene_09,40,4904,19
scene_09_40_000136,scene_09,40,4963,16
scene_09_40_000137,scene_09,40,2684,12
scene_09_40_000138,scene_09,40,5125,16
scene_09_40_000139,scene_09,40,5011,22
scene_09_40_000140,scene_09,40,4635,14
scene_09_40_000141,scene_09,40,4665,20
scene_09_40_000142,scene_09,40,1237,13
scene_09_40_000172,scene_09,40,1239,11
scene_09_40_000173,scene_09,40,4153,15
scene_09_40_000174,scene_09,40,4339,14
scene_09_40_000175,scene_09,40,5192,21
scene_09_40_000176,scene_09,40,4617,17
scene_09_40_000177,scene_09,40,2556,12
scene_09_40_000178,scene_09,40,4401,14
scene_09_40_000179,scene_09,40,4257,18
scene_09_40_000180,scene_09,40,4021,13
scene_09_40_000181,scene_09,40,3973,15
scene_09_40_000182,scene_09,40,1239,14
scene_09_40_000212,scene_09,40,1046,8
scene_09_40_000213,scene_09,40,3301,14
scene_09_40_000214,scene_09,40,3042,10
scene_09_40_000215,scene_09,40,3486,14
scene_09_40_000216,scene_09,40,3180,14
scene_09_40_000217,scene_09,40,3291,11
scene_09_40_000218,scene_09,40,3270,13
scene_09_40_000219,scene_09,40,3214,11
scene_09_40_000220,scene_09,40,3190,10
scene_09_40_000221,scene_09,40,3165,12
scene_09_40_000222,scene_09,40,1208,22
scene_09_40_000253,scene_09,40,967,14
scene_09_40_000254,scene_09,40,3060,8
scene_09_40_000255,scene_09,40,3230,7
scene_09_40_000256,scene_09,40,2957,10
scene_09_40_000257,scene_09,40,3369,9
scene_09_40_000258,scene_09,40,2532,10
scene_09_40_000259,scene_09,40,3019,10
scene_09_40_000260,scene_09,40,3062,9
scene_09_40_000261,scene_09,40,3112,9
scene_09_40_000262,scene_09,40,2549,8
scene_09_40_000263,scene_09,40,1025,7
scene_09_40_000292,scene_09,40,1011,7
scene_09_40_000293,scene_09,40,2570,9
scene_09_40_000294,scene_09,40,3097,11
scene_09_40_000295,scene_09,40,3109,12
scene_09_40_000296,scene_09,40,3127,8
scene_09_40_000297,scene_09,40,3123,9
scene_09_40_000298,scene_09,40,3152,9
scene_09_40_000299,scene_09,40,3134,11
scene_09_40_000300,scene_09,40,3064,9
scene_09_40_000301,scene_09,40,3090,11
scene_09_40_000302,scene_09,40,3076,12
scene_09_40_000303,scene_09,40,1030,6
scene_09_40_000332,scene_09,40,812,8
scene_09_40_000333,scene_09,40,1492,18
scene_09_40_000334,scene_09,40,3182,12
scene_09_40_000335,scene_09,40,3188,11
scene_09_40_000336,scene_09,40,3203,12
scene_09_40_000337,scene_09,40,3213,12
scene_09_40_000338,scene_09,40,3366,16
scene_09_40_000339,scene_09,40,3363,12
scene_09_40_000340,scene_09,40,3290,12
scene_09_40_000341,scene_09,40,3164,14
scene_09_40_000342,scene_09,40,3135,13
scene_09_40_000343,scene_09,40,1564,17
scene_09_40_000344,scene_09,40,826,8
scene_09_40_000373,scene_09,40,1617,15
scene_09_40_000374,scene_09,40,3972,17
scene_09_40_000375,scene_09,40,3939,23
scene_09_40_000376,scene_09,40,4269,24
scene_09_40_000377,scene_09,40,4305,24
scene_09_40_000378,scene_09,40,4575,18
scene_09_40_000379,scene_09,40,4922,22
scene_09_40_000380,scene_09,40,4910,19
scene_09_40_000381,scene_09,40,4634,19
scene_09_40_000382,scene_09,40,4555,15
scene_09_40_000383,scene_09,40,3162,14
scene_09_40_000384,scene_09,40,1140,11
scene_09_40_000413,scene_09,40,1509,17
scene_09_40_000414,scene_09,40,4607,21
scene_09_40_000415,scene_09,40,4698,20
scene_09_40_000416,scene_09,40,5075,23
scene_09_40_000417,scene_09,40,5079,23
scene_09_40_000418,scene_09,40,5018,20
scene_09_40_000419,scene_09,40,4880,22
scene_09_40_000420,scene_09,40,4953,18
scene_09_40_000421,scene_09,40,4816,16
scene_09_40_000422,scene_09,40,4570,14
scene_09_40_000423,scene_09,40,2807,16
scene_09_40_000424,scene_09,40,930,7
scene_09_40_000453,scene_09,40,1888,19
scene_09_40_000454,scene_09,40,4296,18
scene_09_40_000455,scene_09,40,4296,16
scene_09_40_000456,scene_09,40,4715,20
scene_09_40_000457,scene_09,40,4663,20
scene_09_40_000458,scene_09,40,4379,20
scene_09_40_000459,scene_09,40,3968,18
scene_09_40_000460,scene_09,40,3974,14
scene_09_40_000461,scene_09,40,3596,14
scene_09_40_000462,scene_09,40,3567,14
scene_09_40_000463,scene_09,40,1637,21
scene_09_40_000464,scene_09,40,891,15
scene_09_40_000492,scene_09,40,1203,12
scene_09_40_000493,scene_09,40,2656,16
scene_09_40_000494,scene_09,40,3577,15
scene_09_40_000495,scene_09,40,3827,18
scene_09_40_000496,scene_09,40,3894,14
scene_09_40_000497,scene_09,40,3940,14
scene_09_40_000498,scene_09,40,3860,14
scene_09_40_000499,scene_09,40,3834,10
scene_09_40_000500,scene_09,40,3893,14
scene_09_40_000501,scene_09,40,3488,14
scene_09_40_000502,scene_09,40,3505,11
scene_09_40_000503,scene_09,40,1254,14
scene_09_40_000532,scene_09,40,1361,20
scene_09_40_000533,scene_09,40,3470,10
scene_09_40_000534,scene_09,40,3509,13
scene_09_40_000535,scene_09,40,3723,11
scene_09_40_000536,scene_09,40,3665,13
scene_09_40_000537,scene_09,40,3662,10
scene_09_40_000538,scene_09,40,3477,12
scene_09_40_000539,scene_09,40,3427,8
scene_09_40_000540,scene_09,40,3450,12
scene_09_40_000541,scene_09,40,3109,10
scene_09_40_000542,scene_09,40,2584,11
scene_09_40_000543,scene_09,40,1119,15
scene_09_40_000731,scene_09,40,833,13
scene_09_40_000732,scene_09,40,921,12
scene_09_40_000733,scene_09,40,1021,8
scene_09_40_000748,scene_09,40,801,14
scene_09_40_000749,scene_09,40,1281,13
scene_09_40_000750,scene_09,40,1525,17
scene_09_40_000751,scene_09,40,1955,20
scene_09_40_000752,scene_09,40,2009,19
scene_09_40_000753,scene_09,40,1835,20
scene_09_40_000754,scene_09,40,1577,19
scene_09_40_000755,scene_09,40,1115,17
scene_09_40_000756,scene_09,40,996,14
scene_09_40_000757,scene_09,40,1222,13
scene_09_40_000758,scene_09,40,1524,14
scene_09_40_000759,scene_09,40,1833,12
scene_09_40_000760,scene_09,40,2149,12
scene_09_40_000761,scene_09,40,3057,16
scene_09_40_000762,scene_09,40,3044,12
scene_09_40_000763,scene_09,40,2868,12
scene_09_40_000764,scene_09,40,2649,11
scene_09_40_000765,scene_09,40,2179,13
scene_09_40_000766,scene_09,40,2056,9
scene_09_40_000767,scene_09,40,2423,10
scene_09_40_000768,scene_09,40,2818,12
scene_09_40_000769,scene_09,40,3282,12
scene_09_40_000770,scene_09,40,3647,14
scene_09_40_000771,scene_09,40,3625,11
scene_09_40_000772,scene_09,40,3691,17
scene_09_40_000773,scene_09,40,2973,15
scene_09_40_000774,scene_09,40,2235,15
scene_09_40_000775,scene_09,40,2390,14
scene_09_40_000776,scene_09,40,2413,10
scene_09_40_000777,scene_09,40,2551,11
scene_09_40_000778,scene_09,40,2732,13
scene_09_40_000779,scene_09,40,3267,12
scene_09_40_000780,scene_09,40,3680,16
scene_09_40_000781,scene_09,40,3718,16
scene_09_40_000782,scene_09,40,3734,15
scene_09_40_000783,scene_09,40,3113,16
scene_09_40_000784,scene_09,40,2486,13
scene_09_40_000785,scene_09,40,1886,12
scene_09_40_000786,scene_09,40,1363,10
scene_09_40_000787,scene_09,40,1567,10
scene_09_40_000788,scene_09,40,2294,13
scene_09_40_000789,scene_09,40,2703,14
scene_09_40_000790,scene_09,40,3710,20
scene_09_40_000791,scene_09,40,3955,17
scene_09_40_000792,scene_09,40,4096,19
scene_09_40_000793,scene_09,40,3900,19
scene_09_40_000794,scene_09,40,3308,11
scene_09_40_000795,scene_09,40,2893,16
scene_09_40_000796,scene_09,40,2770,16
scene_09_40_000797,scene_09,40,2746,14
scene_09_40_000798,scene_09,40,2434,16
scene_09_40_000799,scene_09,40,2662,14
scene_09_40_000800,scene_09,40,3405,12
scene_09_40_000801,scene_09,40,3451,14
scene_09_40_000802,scene_09,40,3383,13
scene_09_40_000803,scene_09,40,3398,11
scene_09_40_000804,scene_09,40,2810,6
scene_09_40_000805,scene_09,40,2295,8
scene_09_40_000806,scene_09,40,2205,8
scene_09_40_000807,scene_09,40,2322,12
scene_09_40_000808,scene_09,40,2915,13
scene_09_40_000809,scene_09,40,3134,13
scene_09_40_000810,scene_09,40,3099,15
scene_09_40_000811,scene_09,40,3157,13
scene_09_40_000812,scene_09,40,2962,14
scene_09_40_000813,scene_09,40,2380,16
scene_09_40_000814,scene_09,40,2785,15
scene_09_40_000815,scene_09,40,2756,14
scene_09_40_000816,scene_09,40,2915,14
scene_09_40_000817,scene_09,40,3156,12
scene_09_40_000818,scene_09,40,3624,15
scene_09_40_000819,scene_09,40,4000,18
scene_09_40_000820,scene_09,40,3943,16
scene_09_40_000821,scene_09,40,3829,14
scene_09_40_000822,scene_09,40,3008,14
scene_09_40_000823,scene_09,40,2326,8
scene_09_40_000824,scene_09,40,1497,9
scene_09_40_000825,scene_09,40,1167,6
scene_09_40_000826,scene_09,40,1436,6
scene_09_40_000827,scene_09,40,2090,8
scene_09_40_000828,scene_09,40,2700,11
scene_09_40_000829,scene_09,40,3618,17
scene_09_40_000830,scene_09,40,3719,14
scene_09_40_000831,scene_09,40,3858,14
scene_09_40_000832,scene_09,40,3703,14
scene_09_40_000833,scene_09,40,3177,13
scene_09_40_000834,scene_09,40,2862,12
scene_09_40_000835,scene_09,40,2724,14
scene_09_40_000836,scene_09,40,2792,15
scene_09_40_000837,scene_09,40,2374,13
scene_09_40_000838,scene_09,40,2852,17
scene_09_40_000839,scene_09,40,3184,13
scene_09_40_000840,scene_09,40,3072,10
scene_09_40_000841,scene_09,40,3157,10
scene_09_40_000842,scene_09,40,3025,13
scene_09_40_000843,scene_09,40,2410,10
scene_09_40_000844,scene_09,40,2011,8
scene_09_40_000845,scene_09,40,3177,12
scene_09_40_000846,scene_09,40,3077,10
scene_09_40_000847,scene_09,40,3068,11
scene_09_40_000848,scene_09,40,3101,10
scene_09_40_000849,scene_09,40,1072,17
scene_09_40_000880,scene_09,40,995,9
scene_09_40_000881,scene_09,40,3100,9
scene_09_40_000882,scene_09,40,3102,9
scene_09_40_000883,scene_09,40,3100,10
scene_09_40_000884,scene_09,40,3117,9
scene_09_40_000885,scene_09,40,3239,15
scene_09_40_000886,scene_09,40,3173,16
scene_09_40_000887,scene_09,40,3170,14
scene_09_40_000888,scene_09,40,3169,15
scene_09_40_000889,scene_09,40,2890,15
scene_09_40_000890,scene_09,40,1007,7
scene_09_40_000920,scene_09,40,1014,6
scene_09_40_000921,scene_09,40,3028,15
scene_09_40_000922,scene_09,40,3167,13
scene_09_40_000923,scene_09,40,3309,11
scene_09_40_000924,scene_09,40,3360,14
scene_09_40_000925,scene_09,40,3509,15
scene_09_40_000926,scene_09,40,3982,18
scene_09_40_000927,scene_09,40,4000,23
scene_09_40_000928,scene_09,40,3784,18
scene_09_40_000929,scene_09,40,3747,13
scene_09_40_000930,scene_09,40,1243,11
scene_09_40_000960,scene_09,40,1277,8
scene_09_40_000961,scene_09,40,3842,17
scene_09_40_000962,scene_09,40,4465,19
scene_09_40_000963,scene_09,40,4790,19
scene_09_40_000964,scene_09,40,4938,21
scene_09_40_000965,scene_09,40,5005,23
scene_09_40_000966,scene_09,40,5030,17
scene_09_40_000967,scene_09,40,5165,22
scene_09_40_000968,scene_09,40,4684,17
scene_09_40_000969,scene_09,40,4725,18
scene_09_40_000970,scene_09,40,1219,15
scene_09_40_001000,scene_09,40,1166,10
scene_09_40_001001,scene_09,40,3563,14
scene_09_40_001002,scene_09,40,4547,16
scene_09_40_001003,scene_09,40,4854,16
scene_09_40_001004,scene_09,40,4931,21
scene_09_40_001005,scene_09,40,4918,21
scene_09_40_001006,scene_09,40,4795,18
scene_09_40_001007,scene_09,40,4821,20
scene_09_40_001008,scene_09,40,4459,17
scene_09_40_001009,scene_09,40,4486,16
scene_09_40_001010,scene_09,40,1497,11
scene_09_40_001040,scene_09,40,1230,14
scene_09_40_001041,scene_09,40,3740,16
scene_09_40_001042,scene_09,40,3707,14
scene_09_40_001043,scene_09,40,4038,16
scene_09_40_001044,scene_09,40,3979,17
scene_09_40_001045,scene_09,40,3914,15
scene_09_40_001046,scene_09,40,3940,13
scene_09_40_001047,scene_09,40,3911,16
scene_09_40_001048,scene_09,40,3548,11
scene_09_40_001049,scene_09,40,3404,15
scene_09_40_001050,scene_09,40,1234,10
scene_09_40_001080,scene_09,40,1434,17
scene_09_40_001081,scene_09,40,3453,13
scene_09_40_001082,scene_09,40,3522,13
scene_09_40_001083,scene_09,40,3855,13
scene_09_40_001084,scene_09,40,3834,12
scene_09_40_001085,scene_09,40,3787,11
scene_09_40_001086,scene_09,40,3776,13
scene_09_40_001087,scene_09,40,3571,15
scene_09_40_001088,scene_09,40,3485,10
scene_09_40_001089,scene_09,40,1583,12
scene_09_40_001090,scene_09,40,913,12
scene_09_40_001119,scene_09,40,1221,12
scene_09_40_001120,scene_09,40,3336,11
scene_09_40_001121,scene_09,40,3378,11
scene_09_40_001122,scene_09,40,3603,11
scene_09_40_001123,scene_09,40,3581,11
scene_09_40_001124,scene_09,40,1533,7
scene_09_40_001125,scene_09,40,2242,8
scene_09_40_001126,scene_09,40,3145,14
scene_09_40_001127,scene_09,40,3719,15
scene_09_40_001128,scene_09,40,3837,15
scene_09_40_001129,scene_09,40,3854,14
scene_09_40_001130,scene_09,40,3500,13
scene_09_40_001131,scene_09,40,3033,15
scene_09_40_001132,scene_09,40,2902,18
scene_09_40_001133,scene_09,40,2767,15
scene_09_40_001134,scene_09,40,2520,16
scene_09_40_001135,scene_09,40,2456,13
scene_09_40_001136,scene_09,40,2930,15
scene_09_40_001137,scene_09,40,3162,13
scene_09_40_001138,scene_09,40,3147,13
scene_09_40_001139,scene_09,40,3138,8
scene_09_40_001140,scene_09,40,2777,14
scene_09_40_001141,scene_09,40,2211,8
scene_09_40_001142,scene_09,40,1659,10
scene_09_40_001143,scene_09,40,1489,11
scene_09_40_001144,scene_09,40,1895,8
scene_09_40_001145,scene_09,40,2597,11
scene_09_40_001146,scene_09,40,3093,14
scene_09_40_001147,scene_09,40,3167,13
scene_09_40_001148,scene_09,40,3108,14
scene_09_40_001149,scene_09,40,3205,14
scene_09_40_001150,scene_09,40,2762,13
scene_09_40_001151,scene_09,40,2390,13
scene_09_40_001152,scene_09,40,2772,11
scene_09_40_001153,scene_09,40,2733,12
scene_09_40_001154,scene_09,40,2871,12
scene_09_40_001155,scene_09,40,3244,11
scene_09_40_001156,scene_09,40,3786,16
scene_09_40_001157,scene_09,40,3891,16
scene_09_40_001158,scene_09,40,3813,15
scene_09_40_001159,scene_09,40,3583,17
scene_09_40_001160,scene_09,40,2598,10
scene_09_40_001161,scene_09,40,2049,8
scene_09_40_001162,scene_09,40,1763,11
scene_09_40_001163,scene_09,40,2106,10
scene_09_40_001164,scene_09,40,2587,17
scene_09_40_001165,scene_09,40,3616,18
scene_09_40_001166,scene_09,40,3962,18
scene_09_40_001167,scene_09,40,4106,20
scene_09_40_001168,scene_09,40,4088,17
scene_09_40_001169,scene_09,40,3437,14
scene_09_40_001170,scene_09,40,2952,11
scene_09_40_001171,scene_09,40,2864,14
scene_09_40_001172,scene_09,40,2792,15
scene_09_40_001173,scene_09,40,2545,18
scene_09_40_001174,scene_09,40,2555,9
scene_09_40_001175,scene_09,40,3060,12
scene_09_40_001176,scene_09,40,3436,12
scene_09_40_001177,scene_09,40,3375,9
scene_09_40_001178,scene_09,40,3385,9
scene_09_40_001179,scene_09,40,3381,11
scene_09_40_001180,scene_09,40,2664,13
scene_09_40_001181,scene_09,40,2185,8
scene_09_40_001182,scene_09,40,1731,9
scene_09_40_001183,scene_09,40,2166,10
scene_09_40_001184,scene_09,40,2702,14
scene_09_40_001185,scene_09,40,3275,16
scene_09_40_001186,scene_09,40,3664,12
scene_09_40_001187,scene_09,40,3642,13
scene_09_40_001188,scene_09,40,3682,16
scene_09_40_001189,scene_09,40,2863,13
scene_09_40_001190,scene_09,40,2244,13
scene_09_40_001191,scene_09,40,2296,14
scene_09_40_001192,scene_09,40,2374,10
scene_09_40_001193,scene_09,40,2472,11
scene_09_40_001194,scene_09,40,2621,9
scene_09_40_001195,scene_09,40,3237,15
scene_09_40_001196,scene_09,40,3716,18
scene_09_40_001197,scene_09,40,3766,15
scene_09_40_001198,scene_09,40,3733,16
scene_09_40_001199,scene_09,40,3208,14
scene_09_40_001200,scene_09,40,2542,13
scene_09_40_001201,scene_09,40,1960,13
scene_09_40_001202,scene_09,40,1578,12
scene_09_40_001203,scene_09,40,1322,14
scene_09_40_001204,scene_09,40,1635,14
scene_09_40_001205,scene_09,40,2059,21
scene_09_40_001206,scene_09,40,2162,19
scene_09_40_001207,scene_09,40,2232,17
scene_09_40_001208,scene_09,40,2100,14
scene_09_40_001209,scene_09,40,1660,9
scene_09_40_001210,scene_09,40,1583,11
scene_09_40_001211,scene_09,40,1686,11
scene_09_40_001212,scene_09,40,1883,11
scene_09_40_001213,scene_09,40,1846,10
scene_09_40_001214,scene_09,40,2292,14
scene_09_40_001215,scene_09,40,3326,13
scene_09_40_001216,scene_09,40,3319,15
scene_09_40_001217,scene_09,40,3431,11
scene_09_40_001218,scene_09,40,3241,12
scene_09_40_001219,scene_09,40,2870,16
scene_09_40_001220,scene_09,40,2146,11
scene_09_40_001221,scene_09,40,977,11
scene_09_40_001222,scene_09,40,949,6
scene_09_40_001223,scene_09,40,976,6
scene_09_40_001224,scene_09,40,1199,10
scene_09_40_001225,scene_09,40,1284,8
scene_09_40_001226,scene_09,40,1277,9
scene_09_40_001227,scene_09,40,1197,9
scene_09_50_000014,scene_09,50,1304,12
scene_09_50_000015,scene_09,50,3016,12
scene_09_50_000016,scene_09,50,3158,10
scene_09_50_000017,scene_09,50,2521,8
scene_09_50_000018,scene_09,50,3580,10
scene_09_50_000019,scene_09,50,3684,9
scene_09_50_000020,scene_09,50,3488,10
scene_09_50_000021,scene_09,50,3433,12
scene_09_50_000022,scene_09,50,1128,9
scene_09_50_000051,scene_09,50,1523,13
scene_09_50_000052,scene_09,50,3761,12
scene_09_50_000053,scene_09,50,3717,14
scene_09_50_000054,scene_09,50,3935,13
scene_09_50_000055,scene_09,50,3661,9
scene_09_50_000056,scene_09,50,3855,16
scene_09_50_000057,scene_09,50,3864,17
scene_09_50_000058,scene_09,50,3555,13
scene_09_50_000059,scene_09,50,3605,13
scene_09_50_000060,scene_09,50,1112,11
scene_09_50_000088,scene_09,50,1144,12
scene_09_50_000089,scene_09,50,2086,17
scene_09_50_000090,scene_09,50,3397,14
scene_09_50_000091,scene_09,50,4185,17
scene_09_50_000092,scene_09,50,3974,15
scene_09_50_000093,scene_09,50,4076,17
scene_09_50_000094,scene_09,50,3906,13
scene_09_50_000095,scene_09,50,4793,17
scene_09_50_000096,scene_09,50,4307,13
scene_09_50_000097,scene_09,50,4178,13
scene_09_50_000098,scene_09,50,1546,14
scene_09_50_000127,scene_09,50,1148,15
scene_09_50_000128,scene_09,50,4181,17
scene_09_50_000129,scene_09,50,4863,18
scene_09_50_000130,scene_09,50,4578,18
scene_09_50_000131,scene_09,50,5129,22
scene_09_50_000132,scene_09,50,5139,23
scene_09_50_000133,scene_09,50,4932,19
scene_09_50_000134,scene_09,50,4554,14
scene_09_50_000135,scene_09,50,2677,23
scene_09_50_000136,scene_09,50,827,9
scene_09_50_000163,scene_09,50,1122,6
scene_09_50_000164,scene_09,50,2943,18
scene_09_50_000165,scene_09,50,4421,13
scene_09_50_000166,scene_09,50,4424,18
scene_09_50_000167,scene_09,50,5056,17
scene_09_50_000168,scene_09,50,4407,15
scene_09_50_000169,scene_09,50,4157,18
scene_09_50_000170,scene_09,50,3811,16
scene_09_50_000171,scene_09,50,3797,19
scene_09_50_000172,scene_09,50,1196,10
scene_09_50_000201,scene_09,50,1043,6
scene_09_50_000202,scene_09,50,3306,14
scene_09_50_000203,scene_09,50,2962,12
scene_09_50_000204,scene_09,50,3366,13
scene_09_50_000205,scene_09,50,3587,16
scene_09_50_000206,scene_09,50,3351,13
scene_09_50_000207,scene_09,50,3259,12
scene_09_50_000208,scene_09,50,3159,10
scene_09_50_000209,scene_09,50,2673,11
scene_09_50_000210,scene_09,50,994,8
scene_09_50_000239,scene_09,50,959,5
scene_09_50_000240,scene_09,50,3078,12
scene_09_50_000241,scene_09,50,3097,6
scene_09_50_000242,scene_09,50,3029,8
scene_09_50_000243,scene_09,50,3088,11
scene_09_50_000244,scene_09,50,2345,8
scene_09_50_000245,scene_09,50,3077,11
scene_09_50_000246,scene_09,50,3018,9
scene_09_50_000247,scene_09,50,3117,9
scene_09_50_000248,scene_09,50,1645,12
scene_09_50_000249,scene_09,50,863,9
scene_09_50_000277,scene_09,50,1019,10
scene_09_50_000278,scene_09,50,3099,12
scene_09_50_000279,scene_09,50,3075,12
scene_09_50_000280,scene_09,50,3052,11
scene_09_50_000281,scene_09,50,3140,11
scene_09_50_000282,scene_09,50,3096,13
scene_09_50_000283,scene_09,50,3134,10
scene_09_50_000284,scene_09,50,3089,8
scene_09_50_000285,scene_09,50,3089,7
scene_09_50_000286,scene_09,50,3075,10
scene_09_50_000287,scene_09,50,1002,8
scene_09_50_000316,scene_09,50,1330,17
scene_09_50_000317,scene_09,50,3161,15
scene_09_50_000318,scene_09,50,3187,13
scene_09_50_000319,scene_09,50,3160,13
scene_09_50_000320,scene_09,50,3258,12
scene_09_50_000321,scene_09,50,3371,15
scene_09_50_000322,scene_09,50,3374,15
scene_09_50_000323,scene_09,50,3273,14
scene_09_50_000324,scene_09,50,3190,12
scene_09_50_000325,scene_09,50,3122,12
scene_09_50_000326,scene_09,50,1016,8
scene_09_50_000354,scene_09,50,1097,9
scene_09_50_000355,scene_09,50,3181,13
scene_09_50_000356,scene_09,50,3837,19
scene_09_50_000357,scene_09,50,3891,16
scene_09_50_000358,scene_09,50,4143,19
scene_09_50_000359,scene_09,50,4445,18
scene_09_50_000360,scene_09,50,4858,23
scene_09_50_000361,scene_09,50,4940,21
scene_09_50_000362,scene_09,50,4571,19
scene_09_50_000363,scene_09,50,4519,20
scene_09_50_000364,scene_09,50,2597,13
scene_09_50_000365,scene_09,50,953,5
scene_09_50_000393,scene_09,50,1595,18
scene_09_50_000394,scene_09,50,4657,21
scene_09_50_000395,scene_09,50,4712,19
scene_09_50_000396,scene_09,50,5058,25
scene_09_50_000397,scene_09,50,5047,17
scene_09_50_000398,scene_09,50,5018,19
scene_09_50_000399,scene_09,50,4940,20
scene_09_50_000400,scene_09,50,4929,19
scene_09_50_000401,scene_09,50,4547,15
scene_09_50_000402,scene_09,50,3982,17
scene_09_50_000403,scene_09,50,1136,9
scene_09_50_000431,scene_09,50,1405,12
scene_09_50_000432,scene_09,50,3441,14
scene_09_50_000433,scene_09,50,4275,13
scene_09_50_000434,scene_09,50,4630,14
scene_09_50_000435,scene_09,50,4659,17
scene_09_50_000436,scene_09,50,4472,17
scene_09_50_000437,scene_09,50,3974,16
scene_09_50_000438,scene_09,50,3936,16
scene_09_50_000439,scene_09,50,3595,20
scene_09_50_000440,scene_09,50,3570,16
scene_09_50_000441,scene_09,50,1297,11
scene_09_50_000469,scene_09,50,1251,11
scene_09_50_000470,scene_09,50,3162,14
scene_09_50_000471,scene_09,50,3507,16
scene_09_50_000472,scene_09,50,3904,17
scene_09_50_000473,scene_09,50,3863,12
scene_09_50_000474,scene_09,50,3915,15
scene_09_50_000475,scene_09,50,3840,11
scene_09_50_000476,scene_09,50,3848,15
scene_09_50_000477,scene_09,50,3728,13
scene_09_50_000478,scene_09,50,3454,14
scene_09_50_000479,scene_09,50,1492,18
scene_09_50_000507,scene_09,50,1246,12
scene_09_50_000508,scene_09,50,3465,13
scene_09_50_000509,scene_09,50,3456,11
scene_09_50_000510,scene_09,50,3694,14
scene_09_50_000511,scene_09,50,3651,11
scene_09_50_000512,scene_09,50,3658,9
scene_09_50_000513,scene_09,50,3180,8
scene_09_50_000679,scene_09,50,922,8
scene_09_50_000680,scene_09,50,1012,6
scene_09_50_000681,scene_09,50,1032,10
scene_09_50_000682,scene_09,50,944,8
scene_09_50_000683,scene_09,50,852,9
scene_09_50_000698,scene_09,50,1093,17
scene_09_50_000699,scene_09,50,1351,19
scene_09_50_000700,scene_09,50,1793,15
scene_09_50_000701,scene_09,50,1943,16
scene_09_50_000702,scene_09,50,2041,16
scene_09_50_000703,scene_09,50,1705,16
scene_09_50_000704,scene_09,50,1479,10
scene_09_50_000705,scene_09,50,1499,9
scene_09_50_000706,scene_09,50,1573,8
scene_09_50_000707,scene_09,50,1604,10
scene_09_50_000708,scene_09,50,1812,11
scene_09_50_000709,scene_09,50,2371,14
scene_09_50_000710,scene_09,50,2959,15
scene_09_50_000711,scene_09,50,3056,10
scene_09_50_000712,scene_09,50,3065,15
scene_09_50_000713,scene_09,50,2645,10
scene_09_50_000714,scene_09,50,2327,12
scene_09_50_000715,scene_09,50,2213,11
scene_09_50_000716,scene_09,50,2519,10
scene_09_50_000717,scene_09,50,3067,12
scene_09_50_000718,scene_09,50,3645,13
scene_09_50_000719,scene_09,50,3649,15
scene_09_50_000720,scene_09,50,3711,16
scene_09_50_000721,scene_09,50,3011,18
scene_09_50_000722,scene_09,50,2358,13
scene_09_50_000723,scene_09,50,2308,13
scene_09_50_000724,scene_09,50,2412,13
scene_09_50_000725,scene_09,50,2529,13
scene_09_50_000726,scene_09,50,2676,12
scene_09_50_000727,scene_09,50,3360,13
scene_09_50_000728,scene_09,50,3747,14
scene_09_50_000729,scene_09,50,3713,17
scene_09_50_000730,scene_09,50,3741,16
scene_09_50_000731,scene_09,50,3018,15
scene_09_50_000732,scene_09,50,2420,14
scene_09_50_000733,scene_09,50,1753,12
scene_09_50_000734,scene_09,50,1629,13
scene_09_50_000735,scene_09,50,2243,15
scene_09_50_000736,scene_09,50,2706,12
scene_09_50_000737,scene_09,50,3757,20
scene_09_50_000738,scene_09,50,3966,20
scene_09_50_000739,scene_09,50,4095,18
scene_09_50_000740,scene_09,50,3927,25
scene_09_50_000741,scene_09,50,3179,12
scene_09_50_000742,scene_09,50,2816,15
scene_09_50_000743,scene_09,50,2695,10
scene_09_50_000744,scene_09,50,2727,14
scene_09_50_000745,scene_09,50,2320,16
scene_09_50_000746,scene_09,50,2849,14
scene_09_50_000747,scene_09,50,3466,10
scene_09_50_000748,scene_09,50,3359,15
scene_09_50_000749,scene_09,50,3390,9
scene_09_50_000750,scene_09,50,2942,12
scene_09_50_000751,scene_09,50,2386,10
scene_09_50_000752,scene_09,50,1986,10
scene_09_50_000753,scene_09,50,1907,12
scene_09_50_000754,scene_09,50,2531,10
scene_09_50_000755,scene_09,50,3059,12
scene_09_50_000756,scene_09,50,3134,12
scene_09_50_000757,scene_09,50,3120,15
scene_09_50_000758,scene_09,50,3134,11
scene_09_50_000759,scene_09,50,2671,15
scene_09_50_000760,scene_09,50,2463,13
scene_09_50_000761,scene_09,50,2753,13
scene_09_50_000762,scene_09,50,2804,13
scene_09_50_000763,scene_09,50,2935,15
scene_09_50_000764,scene_09,50,3417,14
scene_09_50_000765,scene_09,50,3899,11
scene_09_50_000766,scene_09,50,3906,16
scene_09_50_000767,scene_09,50,3742,15
scene_09_50_000768,scene_09,50,3264,12
scene_09_50_000769,scene_09,50,2337,10
scene_09_50_000770,scene_09,50,1595,9
scene_09_50_000771,scene_09,50,1306,7
scene_09_50_000772,scene_09,50,1685,9
scene_09_50_000773,scene_09,50,2265,8
scene_09_50_000774,scene_09,50,3229,13
scene_09_50_000775,scene_09,50,3713,15
scene_09_50_000776,scene_09,50,3818,14
scene_09_50_000777,scene_09,50,2909,17
scene_09_50_000778,scene_09,50,2764,13
scene_09_50_000779,scene_09,50,2778,11
scene_09_50_000780,scene_09,50,2421,15
scene_09_50_000781,scene_09,50,2726,13
scene_09_50_000782,scene_09,50,3164,14
scene_09_50_000783,scene_09,50,3055,10
scene_09_50_000784,scene_09,50,3135,10
scene_09_50_000785,scene_09,50,2994,13
scene_09_50_000786,scene_09,50,2407,10
scene_09_50_000787,scene_09,50,1923,9
scene_09_50_000788,scene_09,50,3136,10
scene_09_50_000789,scene_09,50,3082,7
scene_09_50_000790,scene_09,50,3074,10
scene_09_50_000791,scene_09,50,3100,9
scene_09_50_000792,scene_09,50,1021,5
scene_09_50_000821,scene_09,50,892,5
scene_09_50_000822,scene_09,50,2156,8
scene_09_50_000823,scene_09,50,3125,9
scene_09_50_000824,scene_09,50,3061,13
scene_09_50_000825,scene_09,50,3100,11
scene_09_50_000826,scene_09,50,3151,14
scene_09_50_000827,scene_09,50,3199,14
scene_09_50_000828,scene_09,50,3166,16
scene_09_50_000829,scene_09,50,3151,18
scene_09_50_000830,scene_09,50,3144,18
scene_09_50_000831,scene_09,50,1013,9
scene_09_50_000860,scene_09,50,1011,7
scene_09_50_000861,scene_09,50,3141,15
scene_09_50_000862,scene_09,50,3224,13
scene_09_50_000863,scene_09,50,3319,18
scene_09_50_000864,scene_09,50,3354,14
scene_09_50_000865,scene_09,50,3415,19
scene_09_50_000866,scene_09,50,3869,18
scene_09_50_000867,scene_09,50,3819,17
scene_09_50_000868,scene_09,50,3648,16
scene_09_50_000869,scene_09,50,3601,21
scene_09_50_000870,scene_09,50,1186,6
scene_09_50_000899,scene_09,50,1372,20
scene_09_50_000900,scene_09,50,4422,17
scene_09_50_000901,scene_09,50,4461,18
scene_09_50_000902,scene_09,50,4816,22
scene_09_50_000903,scene_09,50,4888,19
scene_09_50_000904,scene_09,50,5072,22
scene_09_50_000905,scene_09,50,5064,20
scene_09_50_000906,scene_09,50,4990,23
scene_09_50_000907,scene_09,50,4702,14
scene_09_50_000908,scene_09,50,2968,20
scene_09_50_000909,scene_09,50,1046,6
scene_09_50_000937,scene_09,50,1179,5
scene_09_50_000938,scene_09,50,4596,21
scene_09_50_000939,scene_09,50,4563,17
scene_09_50_000940,scene_09,50,4977,21
scene_09_50_000941,scene_09,50,4934,20
scene_09_50_000942,scene_09,50,4958,20
scene_09_50_000943,scene_09,50,4784,20
scene_09_50_000944,scene_09,50,4841,17
scene_09_50_000945,scene_09,50,4445,14
scene_09_50_000946,scene_09,50,4462,19
scene_09_50_000947,scene_09,50,1542,10
scene_09_50_000975,scene_09,50,1248,11
scene_09_50_000976,scene_09,50,2670,18
scene_09_50_000977,scene_09,50,3701,12
scene_09_50_000978,scene_09,50,3932,19
scene_09_50_000979,scene_09,50,3973,20
scene_09_50_000980,scene_09,50,3878,17
scene_09_50_000981,scene_09,50,3915,16
scene_09_50_000982,scene_09,50,3918,16
scene_09_50_000983,scene_09,50,3563,13
scene_09_50_000984,scene_09,50,3573,14
scene_09_50_000985,scene_09,50,1182,14
scene_09_50_001013,scene_09,50,1084,13
scene_09_50_001014,scene_09,50,2135,15
scene_09_50_001015,scene_09,50,3499,13
scene_09_50_001016,scene_09,50,3738,16
scene_09_50_001017,scene_09,50,3830,13
scene_09_50_001018,scene_09,50,3797,11
scene_09_50_001019,scene_09,50,3694,13
scene_09_50_001020,scene_09,50,3690,14
scene_09_50_001021,scene_09,50,3490,9
scene_09_50_001022,scene_09,50,3485,9
scene_09_50_001023,scene_09,50,1167,12
scene_09_50_001051,scene_09,50,1136,13
scene_09_50_001052,scene_09,50,2236,11
scene_09_50_001053,scene_09,50,3189,9
scene_09_50_001054,scene_09,50,3331,8
scene_09_50_001055,scene_09,50,3321,10
scene_09_50_001056,scene_09,50,2783,15
scene_09_50_001057,scene_09,50,2449,13
scene_09_50_001058,scene_09,50,2708,12
scene_09_50_001059,scene_09,50,3167,15
scene_09_50_001060,scene_09,50,3107,12
scene_09_50_001061,scene_09,50,3117,11
scene_09_50_001062,scene_09,50,3099,14
scene_09_50_001063,scene_09,50,2486,10
scene_09_50_001064,scene_09,50,1924,9
scene_09_50_001065,scene_09,50,1542,9
scene_09_50_001066,scene_09,50,1906,8
scene_09_50_001067,scene_09,50,2348,11
scene_09_50_001068,scene_09,50,3020,11
scene_09_50_001069,scene_09,50,3161,8
scene_09_50_001070,scene_09,50,3120,12
scene_09_50_001071,scene_09,50,3179,15
scene_09_50_001072,scene_09,50,2710,12
scene_09_50_001073,scene_09,50,2446,13
scene_09_50_001074,scene_09,50,2765,16
scene_09_50_001075,scene_09,50,2790,14
scene_09_50_001076,scene_09,50,2924,12
scene_09_50_001077,scene_09,50,3375,16
scene_09_50_001078,scene_09,50,3842,13
scene_09_50_001079,scene_09,50,3832,16
scene_09_50_001080,scene_09,50,3695,16
scene_09_50_001081,scene_09,50,3135,13
scene_09_50_001082,scene_09,50,2246,10
scene_09_50_001083,scene_09,50,1613,10
scene_09_50_001084,scene_09,50,1750,12
scene_09_50_001085,scene_09,50,2318,13
scene_09_50_001086,scene_09,50,2882,12
scene_09_50_001087,scene_09,50,3889,18
scene_09_50_001088,scene_09,50,4105,16
scene_09_50_001089,scene_09,50,4131,19
scene_09_50_001090,scene_09,50,3735,16
scene_09_50_001091,scene_09,50,3076,13
scene_09_50_001092,scene_09,50,2903,14
scene_09_50_001093,scene_09,50,2752,20
scene_09_50_001094,scene_09,50,2539,15
scene_09_50_001095,scene_09,50,2465,12
scene_09_50_001096,scene_09,50,2981,16
scene_09_50_001097,scene_09,50,3464,11
scene_09_50_001098,scene_09,50,3388,12
scene_09_50_001099,scene_09,50,3372,15
scene_09_50_001100,scene_09,50,2923,12
scene_09_50_001101,scene_09,50,2291,7
scene_09_50_001102,scene_09,50,1872,8
scene_09_50_001103,scene_09,50,2124,9
scene_09_50_001104,scene_09,50,2594,11
scene_09_50_001105,scene_09,50,3212,11
scene_09_50_001106,scene_09,50,3573,13
scene_09_50_001107,scene_09,50,3583,13
scene_09_50_001108,scene_09,50,3640,12
scene_09_50_001109,scene_09,50,2786,10
scene_09_50_001110,scene_09,50,2205,12
scene_09_50_001111,scene_09,50,2408,11
scene_09_50_001112,scene_09,50,2315,13
scene_09_50_001113,scene_09,50,2463,11
scene_09_50_001114,scene_09,50,2802,11
scene_09_50_001115,scene_09,50,3516,14
scene_09_50_001116,scene_09,50,3736,19
scene_09_50_001117,scene_09,50,3752,18
scene_09_50_001118,scene_09,50,3490,16
scene_09_50_001119,scene_09,50,2671,12
scene_09_50_001120,scene_09,50,2015,11
scene_09_50_001121,scene_09,50,1707,9
scene_09_50_001122,scene_09,50,1735,11
scene_09_50_001123,scene_09,50,2070,11
scene_09_50_001124,scene_09,50,2647,14
scene_09_50_001125,scene_09,50,3041,14
scene_09_50_001126,scene_09,50,3143,14
scene_09_50_001127,scene_09,50,3122,17
scene_09_50_001128,scene_09,50,2458,13
scene_09_50_001129,scene_09,50,2184,10
scene_09_50_001130,scene_09,50,2159,16
scene_09_50_001131,scene_09,50,2316,14
scene_09_50_001132,scene_09,50,2226,11
scene_09_50_001133,scene_09,50,2730,10
scene_09_50_001134,scene_09,50,3716,15
scene_09_50_001135,scene_09,50,3665,11
scene_09_50_001136,scene_09,50,3647,14
scene_09_50_001137,scene_09,50,3335,15
scene_09_50_001138,scene_09,50,2760,14
scene_09_50_001139,scene_09,50,2205,11
scene_09_50_001140,scene_09,50,877,6
scene_09_50_001141,scene_09,50,963,7
scene_09_50_001142,scene_09,50,1089,6
scene_09_50_001143,scene_09,50,1273,8
scene_09_50_001144,scene_09,50,1261,9
scene_09_50_001145,scene_09,50,1269,8
scene_09_50_001153,scene_09,50,1032,12
scene_09_50_001154,scene_09,50,1028,14
scene_09_50_001155,scene_09,50,984,16
