sample_uid,split,scene_id,sequence_id,height_m,height_category,scene_category,iou_threshold,gt_instance_id,pred_instance_id,iou_3d,gt_distance_m,pred_distance_m,distance_error_m,centroid_error_m,error_x_m,error_y_m,error_z_m,abs_error_x_m,abs_error_y_m,abs_error_z_m
scene_08_30_000023,test,scene_08,scene_08,30,30,scene_08,0.25,3,3,0.2698412698412698,32.01599540883792,31.695621361551026,-0.3203740472868901,1.1222477577029113,0.6711574952561676,-0.8390891840607217,-0.3239089184060724,0.6711574952561676,0.8390891840607217,0.3239089184060724
scene_08_30_000023,test,scene_08,scene_08,30,30,scene_08,0.25,9,7,0.275609756097561,39.690535771894915,39.41890831279864,-0.2716274590962726,1.896698142946006,-0.13106149084507734,1.8547666762274488,0.37433582226187667,0.13106149084507734,1.8547666762274488,0.37433582226187667
scene_08_30_000024,test,scene_08,scene_08,30,30,scene_08,0.25,1,2,0.27850877192982454,30.48433008290777,29.678942052906752,-0.8053880300010192,0.9769783790169556,-0.000956909183337018,-0.6152926048862213,-0.758881313357854,0.000956909183337018,0.6152926048862213,0.758881313357854
scene_08_30_000024,test,scene_08,scene_08,30,30,scene_08,0.25,4,3,0.28535564853556483,32.69940991705683,32.26827039069863,-0.4311395263582014,1.4186781597140443,-0.7459913379839307,1.19141616378095,-0.19149978899219988,0.7459913379839307,1.19141616378095,0.19149978899219988
scene_08_30_000025,test,scene_08,scene_08,30,30,scene_08,0.25,1,2,0.3434065934065934,30.17286635233564,29.471204604622514,-0.7016617477131248,1.1354084438086278,-0.575109508921571,0.676123755392954,-0.7079958011268488,0.575109508921571,0.676123755392954,0.7079958011268488
scene_08_30_000043,test,scene_08,scene_08,30,30,scene_08,0.25,1,2,0.337479718766901,31.45394008289784,31.73789995858639,0.28395987568854864,3.0527648378840633,3.014964306438337,-0.24531901542447443,-0.41131735557264903,3.014964306438337,0.24531901542447443,0.41131735557264903
scene_08_30_000043,test,scene_08,scene_08,30,30,scene_08,0.25,2,1,0.3877338877338877,32.175486389701994,31.376388512357853,-0.799097877344142,1.552485380240272,1.5034663267697468,0.1184852427026577,-0.36845774166240375,1.5034663267697468,0.1184852427026577,0.36845774166240375
scene_08_30_000044,test,scene_08,scene_08,30,30,scene_08,0.25,1,1,0.3768619662363456,29.876674501361524,29.892966207556753,0.01629170619522924,2.0444531697077926,1.7740677241839364,-0.9835666194188519,-0.2550866094134321,1.7740677241839364,0.9835666194188519,0.2550866094134321
scene_08_30_000044,test,scene_08,scene_08,30,30,scene_08,0.25,2,2,0.305327868852459,30.893315000597443,30.179431368813177,-0.7138836317842667,1.7157803073746527,1.5437921727395434,-0.7323549257759794,-0.15576923076923066,1.5437921727395434,0.7323549257759794,0.15576923076923066
scene_08_30_000044,test,scene_08,scene_08,30,30,scene_08,0.25,3,3,0.2917647058823529,33.3144060542691,32.46147045816305,-0.8529355961060503,1.0655821449613045,0.48838208532722405,0.6847492754599998,-0.6542680461009631,0.48838208532722405,0.6847492754599998,0.6542680461009631
scene_08_30_000045,test,scene_08,scene_08,30,30,scene_08,0.25,1,1,0.2555746140651801,29.981132312320085,28.934548389670272,-1.0465839226498126,2.200095705118039,0.9388396156688827,-1.8733678245873335,-0.6704433469954552,0.9388396156688827,1.8733678245873335,0.6704433469954552
scene_08_30_000045,test,scene_08,scene_08,30,30,scene_08,0.25,2,3,0.30957683741648107,31.028225357858215,30.09680876063862,-0.9314165972195951,0.9523139368946795,0.36062365307648747,0.040066851387607016,-0.8804811540660573,0.36062365307648747,0.040066851387607016,0.8804811540660573
scene_08_30_000046,test,scene_08,scene_08,30,30,scene_08,0.25,1,1,0.25,30.31133967320841,29.10448670231563,-1.206852970892779,1.272855092583546,0.6074793082565151,-0.35724379247695026,-1.059955588452997,0.6074793082565151,0.35724379247695026,1.059955588452997
scene_08_30_000057,test,scene_08,scene_08,30,30,scene_08,0.25,1,1,0.25413223140495866,30.111381776663787,29.11580105140833,-0.9955807252554578,0.99897824964118,0.08532817374610602,-0.2973962083033399,-0.9498590112790986,0.08532817374610602,0.2973962083033399,0.9498590112790986
scene_08_30_000076,test,scene_08,scene_08,30,30,scene_08,0.25,1,1,0.3887147335423197,33.07325480820581,32.52224754345002,-0.5510072647557891,0.713681181197917,-0.4619403161681177,0.3824782279439596,-0.3868622207497161,0.4619403161681177,0.3824782279439596,0.3868622207497161
scene_08_30_000076,test,scene_08,scene_08,30,30,scene_08,0.25,2,2,0.39558232931726905,34.58322892803578,33.373437463858096,-1.209791464177684,3.2128508764039987,3.1801594586960817,-0.3931680733701093,0.23327116701003447,3.1801594586960817,0.3931680733701093,0.23327116701003447
scene_08_30_000076,test,scene_08,scene_08,30,30,scene_08,0.25,6,5,0.3181818181818182,38.335231191431426,37.14646901596257,-1.1887621754688524,1.7529327553036214,-1.5857798474724945,0.6899169872443807,-0.28651364832778015,1.5857798474724945,0.6899169872443807,0.28651364832778015
scene_08_30_000077,test,scene_08,scene_08,30,30,scene_08,0.25,1,1,0.32968536251709984,31.548203089871105,30.832969834374484,-0.7152332554966208,0.921698794911441,-0.7245918958699846,-0.3185981629544514,-0.472218660731226,0.7245918958699846,0.3185981629544514,0.472218660731226
scene_08_30_000077,test,scene_08,scene_08,30,30,scene_08,0.25,3,2,0.2586805555555556,32.886209797645066,32.992356668501685,0.10614687085661956,2.221383149165032,2.1931343576835616,0.3299759179457773,-0.1257802771427592,2.1931343576835616,0.3299759179457773,0.1257802771427592
scene_08_30_000078,test,scene_08,scene_08,30,30,scene_08,0.25,7,4,0.3389830508474576,36.128029697555796,35.83403931277338,-0.29399038478241835,1.1388553212580919,-1.0392907801418403,-0.4645390070921991,0.03270516717325478,1.0392907801418403,0.4645390070921991,0.03270516717325478
scene_08_30_000091,test,scene_08,scene_08,30,30,scene_08,0.25,5,4,0.2569360675512666,36.82241283224574,35.73075391558562,-1.0916589166601156,1.4286617140316455,0.19862025134797534,1.13011460319413,-0.8511552576009151,0.19862025134797534,1.13011460319413,0.8511552576009151
scene_08_30_000092,test,scene_08,scene_08,30,30,scene_08,0.25,1,1,0.2636165577342048,30.557725484751426,29.840222219933693,-0.7175032648177329,0.8591506158319224,-0.22183908045977319,0.33678160919540545,-0.7586206896551708,0.22183908045977319,0.33678160919540545,0.7586206896551708
scene_08_30_000092,test,scene_08,scene_08,30,30,scene_08,0.25,3,3,0.2676518883415435,32.923945723397175,32.95175703376976,0.02781131037258433,0.5125450212727363,0.3939525906863963,0.2773989211659327,0.1747958628198134,0.3939525906863963,0.2773989211659327,0.1747958628198134
scene_08_30_000093,test,scene_08,scene_08,30,30,scene_08,0.25,2,1,0.3265895953757225,29.96941664686284,29.486177667336584,-0.4832389795262557,0.607328613740312,-0.19605868814729632,0.11324909267946737,-0.563545631583608,0.19605868814729632,0.11324909267946737,0.563545631583608
scene_08_30_000093,test,scene_08,scene_08,30,30,scene_08,0.25,3,3,0.3132780082987552,30.75969561879907,30.74976377918344,-0.009931839615632043,0.22462318332969858,0.12765817454469186,-0.1831179597852426,0.02503553005579562,0.12765817454469186,0.1831179597852426,0.02503553005579562
scene_08_30_000093,test,scene_08,scene_08,30,30,scene_08,0.25,6,5,0.2748267898383372,33.616328630359625,33.6622521269456,0.04592349658597783,0.7433739780103714,0.14096613374591271,0.6868594702529727,0.2468957035744026,0.14096613374591271,0.6868594702529727,0.2468957035744026
scene_08_30_000093,test,scene_08,scene_08,30,30,scene_08,0.25,7,6,0.27885714285714286,34.71514577058405,35.06398475790291,0.34883898731885665,1.507840719242104,-0.5847057337711519,1.2751975607115789,0.5527875004510534,0.5847057337711519,1.2751975607115789,0.5527875004510534
scene_08_30_000094,test,scene_08,scene_08,30,30,scene_08,0.25,2,2,0.3048016701461378,30.353095189383012,29.642426866891693,-0.7106683224913191,0.7634032454324362,0.4495259341885145,-0.2268942713727924,-0.5737856213316341,0.4495259341885145,0.2268942713727924,0.5737856213316341
scene_08_30_000094,test,scene_08,scene_08,30,30,scene_08,0.25,4,3,0.30151338766006985,30.708306135262323,30.51307765130008,-0.1952284839622429,0.4674002321990699,0.07553455188629243,0.43316453866333404,-0.15851180074575666,0.07553455188629243,0.43316453866333404,0.15851180074575666
scene_08_30_000094,test,scene_08,scene_08,30,30,scene_08,0.25,6,4,0.4007989347536618,32.12279752020991,32.44219609523408,0.3193985750241737,0.7753239419296711,-0.6316798782928998,0.4216190247417728,0.15602930578909735,0.6316798782928998,0.4216190247417728,0.15602930578909735
scene_08_30_000094,test,scene_08,scene_08,30,30,scene_08,0.25,12,7,0.3394947627849661,42.09760750852603,41.538617847134724,-0.5589896613913083,0.8281868459434499,-0.8200088495679267,0.11598182543521318,0.005211006885481595,0.8200088495679267,0.11598182543521318,0.005211006885481595
scene_08_30_000095,test,scene_08,scene_08,30,30,scene_08,0.25,1,1,0.3194263363754889,29.34788883809115,28.771805174304006,-0.5760836637871449,0.6319379603191144,0.21128465826763687,-0.21265748176526955,-0.5563103219627195,0.21128465826763687,0.21265748176526955,0.5563103219627195
scene_08_30_000095,test,scene_08,scene_08,30,30,scene_08,0.25,3,2,0.46319018404907975,30.983228809737902,30.82617619323111,-0.15705261650679248,0.38724445852151446,-0.20499850679408382,-0.2541623114827516,-0.20817156935941483,0.20499850679408382,0.2541623114827516,0.20817156935941483
scene_08_30_000095,test,scene_08,scene_08,30,30,scene_08,0.25,10,5,0.2829346092503987,40.740609150876566,40.003118749891144,-0.737490400985422,0.7861581486462943,-0.6637941612931115,-0.21645258962022496,-0.3613450187325711,0.6637941612931115,0.21645258962022496,0.3613450187325711
scene_08_30_000096,test,scene_08,scene_08,30,30,scene_08,0.25,2,2,0.3074626865671642,31.53432129379709,30.61666725069191,-0.917654043105177,1.3021407793181377,0.4136114189938098,-1.1556297477764872,-0.43475980643940204,0.4136114189938098,1.1556297477764872,0.43475980643940204
scene_08_30_000096,test,scene_08,scene_08,30,30,scene_08,0.25,9,5,0.2542317708333333,40.50576515829265,40.29334745114806,-0.21241770714458852,0.864600520821688,0.37423553942961973,-0.6221157302024665,-0.4695251216576253,0.37423553942961973,0.6221157302024665,0.4695251216576253
scene_08_30_000107,test,scene_08,scene_08,30,30,scene_08,0.25,1,4,0.3181818181818182,34.6424903390688,33.969461197826114,-0.6730291412426865,1.587608270513497,1.353842799240681,0.6258452619157566,-0.5439920989174496,1.353842799240681,0.6258452619157566,0.5439920989174496
scene_08_30_000107,test,scene_08,scene_08,30,30,scene_08,0.25,2,5,0.2722371967654987,35.929747255710154,35.01165523610838,-0.9180920196017723,1.373350861709982,1.0238563101651508,0.8059259913450489,-0.4339287291353884,1.0238563101651508,0.8059259913450489,0.4339287291353884
scene_08_30_000108,test,scene_08,scene_08,30,30,scene_08,0.25,1,1,0.40458015267175573,31.306350214597664,31.112442744987302,-0.19390746961036243,1.312837530201333,1.2954545454545467,0.0782433712121211,-0.1980350378787854,1.2954545454545467,0.0782433712121211,0.1980350378787854
scene_08_30_000108,test,scene_08,scene_08,30,30,scene_08,0.25,2,2,0.3484224965706447,33.146637935213406,32.6913816874142,-0.4552562477992055,0.9520585894820328,0.877095537277043,0.3450895883287295,-0.13428384981940766,0.877095537277043,0.3450895883287295,0.13428384981940766
scene_08_30_000108,test,scene_08,scene_08,30,30,scene_08,0.25,5,4,0.28324697754749567,36.451474893841365,36.15542792305085,-0.29604697079051334,0.41868007724605866,0.051660769198370815,0.38563650532878313,-0.15462424701967592,0.051660769198370815,0.38563650532878313,0.15462424701967592
scene_08_30_000109,test,scene_08,scene_08,30,30,scene_08,0.25,1,1,0.4065281899109792,29.452023919638577,29.496747095605024,0.04472317596644615,1.014484402186606,0.9888321995464864,-0.21689342403627876,0.06592970521542085,0.9888321995464864,0.21689342403627876,0.06592970521542085
scene_08_30_000109,test,scene_08,scene_08,30,30,scene_08,0.25,2,2,0.34864864864864864,31.576374924850285,31.447547793771733,-0.12882713107855182,0.5497186947375915,0.5020746784992767,-0.21081562659757225,0.07528899080292106,0.5020746784992767,0.21081562659757225,0.07528899080292106
scene_08_30_000109,test,scene_08,scene_08,30,30,scene_08,0.25,3,3,0.3674832962138085,32.69784863803054,32.949957757360906,0.2521091193303633,0.3389350799726281,0.10759662609438436,0.11915438821268154,0.2984998932308329,0.10759662609438436,0.11915438821268154,0.2984998932308329
scene_08_30_000110,test,scene_08,scene_08,30,30,scene_08,0.25,1,1,0.2907488986784141,29.233684623602663,28.461486556515027,-0.7721980670876363,1.4907614628408463,1.0050493176742137,-0.9841013283178555,-0.4937511354285782,1.0050493176742137,0.9841013283178555,0.4937511354285782
scene_08_30_000110,test,scene_08,scene_08,30,30,scene_08,0.25,2,3,0.43670886075949367,30.21699451933672,30.514489993958733,0.2974954746220142,0.42337994791170974,0.05520418274197425,-0.2986422954483139,0.2949845044589203,0.05520418274197425,0.2986422954483139,0.2949845044589203
scene_08_30_000110,test,scene_08,scene_08,30,30,scene_08,0.25,7,6,0.3565217391304348,33.816468480792985,34.06058286435048,0.24411438355749482,0.666817969660493,0.5024150566289194,0.15647901399067266,0.40956029313790765,0.5024150566289194,0.15647901399067266,0.40956029313790765
scene_08_30_000111,test,scene_08,scene_08,30,30,scene_08,0.25,1,1,0.40327868852459015,29.338385844268895,29.356177712906227,0.01779186863733173,0.6052427919429577,-0.19424534097890955,-0.5628711857464666,0.10846019068423374,0.19424534097890955,0.5628711857464666,0.10846019068423374
scene_08_30_000111,test,scene_08,scene_08,30,30,scene_08,0.25,5,2,0.2989247311827957,31.39767946648956,31.243435151650107,-0.15424431483945256,0.6612002219778691,0.6583083999464137,-0.06176781434674439,-0.0007219518004113468,0.6583083999464137,0.06176781434674439,0.0007219518004113468
scene_08_30_000115,test,scene_08,scene_08,30,30,scene_08,0.25,9,5,0.28253968253968254,40.48329700139299,40.71984115066429,0.23654414927129608,1.010729267391265,0.562298219721427,0.4851374411954623,0.6855917350797895,0.562298219721427,0.4851374411954623,0.6855917350797895
scene_08_30_000116,test,scene_08,scene_08,30,30,scene_08,0.25,3,3,0.26986301369863014,36.5542697173381,34.864613313480675,-1.6896564038574269,2.2558112346545216,0.911572327044027,1.8145492662473792,-0.9824109014675031,0.911572327044027,1.8145492662473792,0.9824109014675031
scene_08_30_000125,test,scene_08,scene_08,30,30,scene_08,0.25,1,1,0.3089108910891089,30.66076315848869,29.957819365826303,-0.7029437926623885,0.8398490545732903,0.5265247423596264,-0.398709577114424,-0.518795531272211,0.5265247423596264,0.398709577114424,0.518795531272211
scene_08_30_000126,test,scene_08,scene_08,30,30,scene_08,0.25,3,2,0.2985468956406869,32.25899583605957,32.93864000826591,0.6796441722063378,0.7813590729051793,-0.41551277989015745,0.19973595268272248,0.6308539290240809,0.41551277989015745,0.19973595268272248,0.6308539290240809
scene_08_30_000126,test,scene_08,scene_08,30,30,scene_08,0.25,5,4,0.2511111111111111,35.127848264240704,35.27033964838601,0.14249138414530904,0.9106600368769598,-0.7601941317259104,-0.06773187956150295,0.4968087935466734,0.7601941317259104,0.06773187956150295,0.4968087935466734
scene_08_30_000127,test,scene_08,scene_08,30,30,scene_08,0.25,1,1,0.43050847457627117,29.47700750114378,29.77816275014683,0.3011552490030489,0.4717585671796478,0.06745131404802152,-0.34245604083947256,0.31738041217621316,0.06745131404802152,0.34245604083947256,0.31738041217621316
scene_08_30_000127,test,scene_08,scene_08,30,30,scene_08,0.25,2,2,0.3114754098360656,30.599420044685047,30.789988390444254,0.1905683457592069,0.4892188440110984,0.27249022164276226,-0.28186502762773813,0.2926367417892841,0.27249022164276226,0.28186502762773813,0.2926367417892841
scene_08_30_000127,test,scene_08,scene_08,30,30,scene_08,0.25,4,4,0.31527093596059114,33.01624686813425,32.661894602444356,-0.3543522656898972,0.6490559011991903,-0.5727587343440987,-0.2878048780487745,-0.10192814765985503,0.5727587343440987,0.2878048780487745,0.10192814765985503
scene_08_30_000142,test,scene_08,scene_08,30,30,scene_08,0.25,2,1,0.29504504504504503,29.759777608921592,29.478770123715293,-0.2810074852062989,0.5368351552201394,0.48034079316902734,-0.057913428963644265,-0.2326171555230907,0.48034079316902734,0.057913428963644265,0.2326171555230907
scene_08_30_000142,test,scene_08,scene_08,30,30,scene_08,0.25,4,2,0.27988338192419826,31.36978075115281,30.951075698819622,-0.41870505233318767,0.4389267702336986,-0.19195115546218489,0.09852941176470154,-0.3822347689075656,0.19195115546218489,0.09852941176470154,0.3822347689075656
scene_08_30_000142,test,scene_08,scene_08,30,30,scene_08,0.25,6,3,0.29737609329446063,31.917591361242398,31.501977656632548,-0.41561370460985003,1.1003287905523473,1.090630160217792,-0.14544561967242942,0.009740259740258495,1.090630160217792,0.14544561967242942,0.009740259740258495
scene_08_30_000143,test,scene_08,scene_08,30,30,scene_08,0.25,7,4,0.26814814814814814,33.60437594428207,33.993929457351385,0.3895535130693162,0.5826788984389646,0.14581348659606874,0.26965319056804304,0.49552021414793757,0.14581348659606874,0.26965319056804304,0.49552021414793757
scene_08_30_000144,test,scene_08,scene_08,30,30,scene_08,0.25,2,1,0.2944550669216061,30.945576040374306,30.734846159202114,-0.21072988117219182,0.26757622089761374,-0.013456291607546689,0.17201244134017202,-0.20451817090472701,0.013456291607546689,0.17201244134017202,0.20451817090472701
scene_08_30_000145,test,scene_08,scene_08,30,30,scene_08,0.25,1,1,0.2577854671280277,29.791580725455095,29.17672032781943,-0.6148603976356632,0.6442208949156603,0.11451277480689015,-0.29256288373935035,-0.5624183006535937,0.11451277480689015,0.29256288373935035,0.5624183006535937
scene_08_30_000145,test,scene_08,scene_08,30,30,scene_08,0.25,9,3,0.2545454545454545,36.56237969944405,35.75168548024735,-0.8106942191966979,1.813599829650397,-1.7936423812408009,-0.2580687029505917,0.07342952323267227,1.7936423812408009,0.2580687029505917,0.07342952323267227
scene_08_30_000147,test,scene_08,scene_08,30,30,scene_08,0.25,4,1,0.27071428571428574,33.81423367108806,32.796058649669455,-1.0181750214186067,2.316868579308477,-2.262185688563818,0.041033709788379724,-0.4987104960845805,2.262185688563818,0.041033709788379724,0.4987104960845805
scene_08_30_000155,test,scene_08,scene_08,30,30,scene_08,0.25,1,1,0.29385964912280704,31.638140823214115,30.69696209636536,-0.9411787268487544,1.1325303816320107,0.8573704219318898,0.07126793745984372,-0.7365201327907478,0.8573704219318898,0.07126793745984372,0.7365201327907478
scene_08_30_000156,test,scene_08,scene_08,30,30,scene_08,0.25,1,1,0.2737642585551331,30.656288998340035,29.606212001620854,-1.0500769967191808,1.16152324040743,0.738617999442738,-0.029757592644195086,-0.8959320144887144,0.738617999442738,0.029757592644195086,0.8959320144887144
scene_08_30_000158,test,scene_08,scene_08,30,30,scene_08,0.25,4,3,0.30704225352112674,31.428591346778592,31.604492890798436,0.17590154401984393,0.3701351327754904,-0.10632183908045789,0.275862068965516,0.22270114942528707,0.10632183908045789,0.275862068965516,0.22270114942528707
scene_08_30_000175,test,scene_08,scene_08,30,30,scene_08,0.25,1,3,0.3053763440860215,30.5392053870485,30.552801108466056,0.013595721417555495,0.9452280711508421,-0.28639567849207026,-0.8993819119863105,-0.050455903762163246,0.28639567849207026,0.8993819119863105,0.050455903762163246
scene_08_30_000176,test,scene_08,scene_08,30,30,scene_08,0.25,1,1,0.294811320754717,29.86832029513665,29.10176614243599,-0.7665541527006603,1.0485410320238906,-0.28971955540748695,-0.7266952360761962,-0.698151064538596,0.28971955540748695,0.7266952360761962,0.698151064538596
scene_08_30_000192,test,scene_08,scene_08,30,30,scene_08,0.25,1,1,0.27705627705627706,30.34760252165496,30.45370722660181,0.10610470494685131,0.9455976078821761,-0.19556815617242052,-0.923747461069734,0.05097607763484291,0.19556815617242052,0.923747461069734,0.05097607763484291
scene_08_30_000200,test,scene_08,scene_08,30,30,scene_08,0.25,4,2,0.2884231536926148,35.62719513983158,34.2625646702268,-1.3646304696047764,1.9844808657825794,-1.5308578451233075,0.9269048969559464,-0.8576047321935008,1.5308578451233075,0.9269048969559464,0.8576047321935008
scene_08_30_000201,test,scene_08,scene_08,30,30,scene_08,0.25,2,1,0.3530066815144766,32.64785264138949,31.39448451312731,-1.2533681282621814,1.7169355967191868,-1.364193192087562,0.37772366703484295,-0.9716839040064258,1.364193192087562,0.37772366703484295,0.9716839040064258
scene_08_30_000202,test,scene_08,scene_08,30,30,scene_08,0.25,1,1,0.2791023842917251,31.0429462620549,29.566960979139676,-1.4759852829152251,1.9564913021285568,-1.5489103294465636,-0.1418826210273707,-1.1868463794817075,1.5489103294465636,0.1418826210273707,1.1868463794817075
scene_08_30_000202,test,scene_08,scene_08,30,30,scene_08,0.25,2,2,0.2704280155642023,31.216355130995016,29.904366036907394,-1.3119890940876218,1.4968991608707922,0.8555304740406342,-0.33996022788348057,-1.180339675373535,0.8555304740406342,0.33996022788348057,1.180339675373535
scene_08_30_000202,test,scene_08,scene_08,30,30,scene_08,0.25,4,4,0.3004115226337449,34.25311127619606,33.882275059195294,-0.37083621700076463,0.43262620924255346,0.03300243697594141,0.2896628161528838,-0.31964312759014746,0.03300243697594141,0.2896628161528838,0.31964312759014746
scene_08_30_000207,test,scene_08,scene_08,30,30,scene_08,0.25,5,3,0.2514124293785311,33.312399636307894,31.991494251929623,-1.3209053843782712,1.381370065429668,0.2388495943415876,0.6087372581651778,-1.2167880174745171,0.2388495943415876,0.6087372581651778,1.2167880174745171
scene_08_30_000219,test,scene_08,scene_08,30,30,scene_08,0.25,4,5,0.25718608169440244,35.58919757071077,35.38127432307973,-0.20792324763104375,0.3581383671430444,-0.21058099450644363,-0.06101150655605991,-0.283189566969412,0.21058099450644363,0.06101150655605991,0.283189566969412
scene_08_30_000220,test,scene_08,scene_08,30,30,scene_08,0.25,2,1,0.2582278481012658,32.58721716963074,31.646680535071745,-0.9405366345589954,1.2942212077830897,-0.6515736040609141,-0.030118443316411003,-1.117834179357022,0.6515736040609141,0.030118443316411003,1.117834179357022
scene_08_30_000225,test,scene_08,scene_08,30,30,scene_08,0.25,2,1,0.2625250501002004,34.243756024051095,33.08259589352665,-1.1611601305244434,1.6827055884156283,-1.5861586570111967,-0.28472679394338485,-0.4842824226464799,1.5861586570111967,0.28472679394338485,0.4842824226464799
scene_08_30_000226,test,scene_08,scene_08,30,30,scene_08,0.25,3,2,0.26018099547511314,34.06045063985681,32.91024806956034,-1.1502025702964715,1.7560196214738295,-1.450307692307696,-0.9451648351648316,-0.29474725274725344,1.450307692307696,0.9451648351648316,0.29474725274725344
scene_08_30_000227,test,scene_08,scene_08,30,30,scene_08,0.25,3,1,0.2834507042253521,33.00154555838015,32.499731195417965,-0.5018143629621861,0.8527024211729952,-0.6479463159791052,0.4712063892391747,-0.2919443944034086,0.6479463159791052,0.4712063892391747,0.2919443944034086
scene_08_30_000228,test,scene_08,scene_08,30,30,scene_08,0.25,1,1,0.27897838899803534,31.04263129952967,30.08634221915901,-0.9562890803706594,1.2995231500726505,-1.00373506553764,0.30082357035146856,-0.768623129567338,1.00373506553764,0.30082357035146856,0.768623129567338
scene_08_30_000229,test,scene_08,scene_08,30,30,scene_08,0.25,1,1,0.3266832917705736,30.690430525318096,29.676890265711055,-1.0135402596070406,1.2355430863513341,-0.8963784113861593,-0.38945777944791615,-0.7559068063319074,0.8963784113861593,0.38945777944791615,0.7559068063319074
scene_08_30_000247,test,scene_08,scene_08,30,30,scene_08,0.25,2,2,0.25492772667542707,31.004414644908962,29.417772083005783,-1.5866425619031794,1.5928767552119911,-0.2488234975929018,-0.2835979336831258,-1.5475514325381816,0.2488234975929018,0.2835979336831258,1.5475514325381816
scene_08_30_000252,test,scene_08,scene_08,30,30,scene_08,0.25,1,1,0.2660977501939488,29.46162103224683,29.39048848648397,-0.07113254576285755,2.769425067405118,2.651570646977305,-0.748188460028139,-0.2812513757138291,2.651570646977305,0.748188460028139,0.2812513757138291
scene_08_30_000257,test,scene_08,scene_08,30,30,scene_08,0.25,1,1,0.26717557251908397,29.921119402553792,28.962345551911454,-0.9587738506423378,1.0536117606967994,-0.3269405746405951,-0.43473118062155436,-0.9023394059486023,0.3269405746405951,0.43473118062155436,0.9023394059486023
scene_08_30_000258,test,scene_08,scene_08,30,30,scene_08,0.25,3,3,0.27741935483870966,33.60915598073737,33.00805121706738,-0.6011047636699871,0.8984642848338018,-0.7194570135746616,0.33439509407001466,-0.4216628959276001,0.7194570135746616,0.33439509407001466,0.4216628959276001
scene_08_30_000261,test,scene_08,scene_08,30,30,scene_08,0.25,3,2,0.3981042654028436,33.30865864089695,32.72847945499227,-0.580179185904683,0.6059806841076066,-0.1793686373400618,0.23641075931633537,-0.5283459419071619,0.1793686373400618,0.23641075931633537,0.5283459419071619
scene_08_30_000261,test,scene_08,scene_08,30,30,scene_08,0.25,5,3,0.26677577741407527,35.51711040774505,34.94000725388102,-0.5771031538640301,1.0289786623915262,0.5028952757573606,0.8732169338323565,-0.20829214038556643,0.5028952757573606,0.8732169338323565,0.20829214038556643
scene_08_30_000262,test,scene_08,scene_08,30,30,scene_08,0.25,2,3,0.34296724470134876,32.29303332859658,31.84565000860275,-0.4473833199938291,0.573460127852416,0.3356195771721886,0.31435089005661965,-0.3426361562589122,0.3356195771721886,0.31435089005661965,0.3426361562589122
scene_08_30_000263,test,scene_08,scene_08,30,30,scene_08,0.25,1,1,0.2634508348794063,30.48414193420583,29.550123086344502,-0.9340188478613278,0.9941750183312952,0.4559751735745863,-0.26539553965916696,-0.8426362297496333,0.4559751735745863,0.26539553965916696,0.8426362297496333
scene_08_30_000263,test,scene_08,scene_08,30,30,scene_08,0.25,7,5,0.25735294117647056,35.790879373295645,35.171550199552144,-0.6193291737435018,0.8060649843347837,0.14587243823022078,0.5828002298410269,-0.5374066270829303,0.14587243823022078,0.5828002298410269,0.5374066270829303
scene_08_30_000277,test,scene_08,scene_08,30,30,scene_08,0.25,2,2,0.2782101167315175,29.9105643845083,28.997929531055195,-0.9126348534531061,0.9943593075818342,-0.06951219512195195,0.3634331116038467,-0.9229490022172939,0.06951219512195195,0.3634331116038467,0.9229490022172939
scene_08_30_000277,test,scene_08,scene_08,30,30,scene_08,0.25,8,5,0.25925925925925924,35.563063849714425,34.63963096228257,-0.9234328874318578,1.0394068617045642,-0.014420180722886755,0.7704066265060234,-0.6975903614457835,0.014420180722886755,0.7704066265060234,0.6975903614457835
scene_08_30_000278,test,scene_08,scene_08,30,30,scene_08,0.25,4,2,0.3072289156626506,31.94201704872249,31.00582367780239,-0.9361933709201011,0.9663522063164559,-0.0012111470807951719,0.40211214995585465,-0.8787155049464594,0.0012111470807951719,0.40211214995585465,0.8787155049464594
scene_08_30_000279,test,scene_08,scene_08,30,30,scene_08,0.25,1,1,0.3433874709976798,29.83132638081898,29.067858778030047,-0.763467602788932,0.7711273413320471,0.16258741258741338,-0.01595279720279308,-0.7536233927362979,0.16258741258741338,0.01595279720279308,0.7536233927362979
scene_08_30_000280,test,scene_08,scene_08,30,30,scene_08,0.25,1,1,0.29190751445086704,29.335206043088395,28.408366460348002,-0.9268395827403921,0.958879681946773,0.30531914893617085,-0.31202450032237294,-0.853739522888457,0.30531914893617085,0.31202450032237294,0.853739522888457
scene_08_30_000284,test,scene_08,scene_08,30,30,scene_08,0.25,3,2,0.3051484404359263,33.61434885693892,32.5499719500683,-1.0643769068706206,2.1562952203427934,1.9804732020706801,0.8357845685846357,-0.169703058513619,1.9804732020706801,0.8357845685846357,0.169703058513619
scene_08_30_000284,test,scene_08,scene_08,30,30,scene_08,0.25,4,3,0.2631578947368421,34.22937532881707,34.44828630712173,0.2189109783046561,0.5061261812846031,0.12259790145292726,0.3377478054232341,0.35645460562722775,0.12259790145292726,0.3377478054232341,0.35645460562722775
scene_08_30_000285,test,scene_08,scene_08,30,30,scene_08,0.25,1,1,0.3448275862068966,31.364743324519686,31.009231703187183,-0.3555116213325036,0.46658011482583417,-0.10607089501561973,0.2862623930463144,-0.35284530761917665,0.10607089501561973,0.2862623930463144,0.35284530761917665
scene_08_30_000285,test,scene_08,scene_08,30,30,scene_08,0.25,5,5,0.2617214835549335,36.29876924581285,35.74931703701451,-0.5494522087983427,1.929411984995481,1.5934840750679982,0.996627403984025,0.43608821123363484,1.5934840750679982,0.996627403984025,0.43608821123363484
scene_08_30_000286,test,scene_08,scene_08,30,30,scene_08,0.25,1,1,0.3333333333333333,30.045142166021723,29.227494913046723,-0.8176472529750001,0.8194300022176285,0.1913729482122406,-0.06428298765746376,-0.7941722865504488,0.1913729482122406,0.06428298765746376,0.7941722865504488
scene_08_30_000286,test,scene_08,scene_08,30,30,scene_08,0.25,3,3,0.27927927927927926,34.27008028152552,33.280758608787586,-0.9893216727379368,1.9637522831690517,1.9382341269841241,0.3124404761904742,-0.04418650793650869,1.9382341269841241,0.3124404761904742,0.04418650793650869
scene_08_30_000286,test,scene_08,scene_08,30,30,scene_08,0.25,5,4,0.266617969320672,34.59610627890743,33.336471594846586,-1.259634684060842,2.73148635445874,-2.608119019138755,0.5427432216905927,-0.603458931419457,2.608119019138755,0.5427432216905927,0.603458931419457
scene_08_30_000287,test,scene_08,scene_08,30,30,scene_08,0.25,3,2,0.26526162790697677,31.80694372846814,30.52866403641986,-1.278279692048283,3.0005993319768227,-2.9210780052797674,0.22917310540209712,-0.6468224840641277,2.9210780052797674,0.22917310540209712,0.6468224840641277
scene_08_30_000287,test,scene_08,scene_08,30,30,scene_08,0.25,4,3,0.2532894736842105,33.70167569426789,32.15702627525182,-1.5446494190160678,2.4563846549932538,2.4104116103414235,-0.34227912689790685,-0.3264757897725339,2.4104116103414235,0.34227912689790685,0.3264757897725339
scene_08_30_000293,test,scene_08,scene_08,30,30,scene_08,0.25,2,1,0.3516308671439936,32.50349930392111,31.877147150559065,-0.6263521533620455,0.9584810720535136,-0.8246113427856514,0.12138031693077522,-0.4732535446205155,0.8246113427856514,0.12138031693077522,0.4732535446205155
scene_08_30_000293,test,scene_08,scene_08,30,30,scene_08,0.25,5,4,0.261283185840708,41.185863646025446,40.77782834618945,-0.4080352998359942,2.0775363407394276,-1.5607616352548774,-1.0658308071089095,-0.8626616113094769,1.5607616352548774,1.0658308071089095,0.8626616113094769
scene_08_30_000294,test,scene_08,scene_08,30,30,scene_08,0.25,1,3,0.3601036269430052,30.220920982382033,29.56675205062617,-0.6541689317558621,1.100202020527551,-0.9603340776238127,-0.2611560116910496,-0.4690420907391477,0.9603340776238127,0.2611560116910496,0.4690420907391477
scene_08_30_000294,test,scene_08,scene_08,30,30,scene_08,0.25,2,4,0.3165829145728643,31.87235897618913,30.97945450360925,-0.8929044725798789,0.9109295461007318,0.3249151103565353,0.1147778720996051,-0.8432371250707433,0.3249151103565353,0.1147778720996051,0.8432371250707433
scene_08_30_000294,test,scene_08,scene_08,30,30,scene_08,0.25,6,10,0.2658745617452279,36.57106031310528,39.085171946390055,2.5141116332847773,4.520511722323255,-1.266510182007174,-4.206179145282579,1.067255915103793,1.266510182007174,4.206179145282579,1.067255915103793
scene_08_30_000295,test,scene_08,scene_08,30,30,scene_08,0.25,1,1,0.3142857142857143,29.61935305330807,28.54969941876217,-1.069653634545901,1.4282212349845658,-0.8681627153443898,-0.8880594141990983,-0.7053083528493396,0.8681627153443898,0.8880594141990983,0.7053083528493396
scene_08_30_000295,test,scene_08,scene_08,30,30,scene_08,0.25,2,2,0.25064599483204136,30.319008467043087,29.07677925852376,-1.2422292085193263,1.243544643565961,0.2885706617590742,-0.14822482938425452,-1.20048309178744,0.2885706617590742,0.14822482938425452,1.20048309178744
scene_08_30_000295,test,scene_08,scene_08,30,30,scene_08,0.25,4,3,0.44065335753176044,32.78794454340585,32.46080807774338,-0.3271364656624698,0.8627759774455749,-0.7324283566591561,-0.33542615628867267,-0.3089018991462211,0.7324283566591561,0.33542615628867267,0.3089018991462211
scene_08_30_000296,test,scene_08,scene_08,30,30,scene_08,0.25,2,2,0.3708975879794385,30.294430649242052,29.325346696119297,-0.9690839531227553,1.3290963503580222,-0.8553945434455912,-0.533016992027747,-0.8664237818690204,0.8553945434455912,0.533016992027747,0.8664237818690204
scene_08_30_000297,test,scene_08,scene_08,30,30,scene_08,0.25,1,1,0.3135287033319952,29.378198832508662,28.08123432765105,-1.2969645048576126,1.7054354917920707,-0.7798254862038334,-1.1607123437471714,-0.9762834029132961,0.7798254862038334,1.1607123437471714,0.9762834029132961
scene_08_30_000300,test,scene_08,scene_08,30,30,scene_08,0.25,1,1,0.2786016949152542,29.915423841130867,29.09814657513044,-0.8172772660004277,0.9204602917475586,-0.4507040368347788,0.05103406605173433,-0.8009422850412271,0.4507040368347788,0.05103406605173433,0.8009422850412271
scene_08_30_000300,test,scene_08,scene_08,30,30,scene_08,0.25,4,5,0.33649789029535865,33.581967519403676,33.93211865473135,0.35015113532767117,0.7114303415351455,-0.40745856353591137,-0.5538674033149178,0.18259668508287774,0.40745856353591137,0.5538674033149178,0.18259668508287774
scene_08_30_000300,test,scene_08,scene_08,30,30,scene_08,0.25,5,3,0.3442211055276382,33.65645287959663,33.47155536319383,-0.18489751640279906,0.8375539663209653,0.8357337485402851,-0.03215421045802813,0.0448537044245505,0.8357337485402851,0.03215421045802813,0.0448537044245505
scene_08_30_000301,test,scene_08,scene_08,30,30,scene_08,0.25,1,1,0.2633333333333333,29.415711710199634,28.41753947583377,-0.9981722343658639,1.184534314628511,-0.6768489011442611,-0.31083747502600545,-0.9210739230223055,0.6768489011442611,0.31083747502600545,0.9210739230223055
scene_08_30_000301,test,scene_08,scene_08,30,30,scene_08,0.25,2,2,0.38920454545454547,30.602318950601127,30.482007013885386,-0.12031193671574059,0.8582244908802953,-0.23919902912621893,-0.7954962243797183,-0.21568230852211556,0.23919902912621893,0.7954962243797183,0.21568230852211556
scene_08_30_000301,test,scene_08,scene_08,30,30,scene_08,0.25,4,3,0.3803191489361702,31.22216860006712,30.778906101442725,-0.4432624986243958,0.7401262321676962,0.6696496049467484,-0.17937993816557807,-0.25918928203366676,0.6696496049467484,0.17937993816557807,0.25918928203366676
scene_08_30_000301,test,scene_08,scene_08,30,30,scene_08,0.25,7,6,0.26057906458797325,36.71762239064768,36.60076272598258,-0.11685966466510678,0.955314517167001,0.9274634963695902,-0.21926912949812305,0.06601771323705918,0.9274634963695902,0.21926912949812305,0.06601771323705918
scene_08_30_000302,test,scene_08,scene_08,30,30,scene_08,0.25,1,1,0.3568075117370892,29.177830668792033,28.608354982721007,-0.5694756860710264,1.1321485206175705,-0.19761904761904958,-1.0172268907563051,-0.45602240896358737,0.19761904761904958,1.0172268907563051,0.45602240896358737
scene_08_30_000302,test,scene_08,scene_08,30,30,scene_08,0.25,6,2,0.3776041666666667,33.3145155898851,33.04898820839753,-0.2655273814875656,0.6918367425253767,0.5227363848980957,0.4529318409622469,-0.015410958904109151,0.5227363848980957,0.4529318409622469,0.015410958904109151
scene_08_30_000303,test,scene_08,scene_08,30,30,scene_08,0.25,1,1,0.25562700964630225,29.53668079969115,28.368680982959393,-1.1679998167317578,1.8232838035931895,-0.07987564192266206,-1.713270142180093,-0.6186187276399693,0.07987564192266206,1.713270142180093,0.6186187276399693
scene_08_30_000303,test,scene_08,scene_08,30,30,scene_08,0.25,3,2,0.39882697947214074,31.251345908516484,30.70482238605457,-0.5465235224619143,0.7671348973286956,0.633546924290215,-0.24310922712933447,-0.3577878548895903,0.633546924290215,0.24310922712933447,0.3577878548895903
scene_08_30_000304,test,scene_08,scene_08,30,30,scene_08,0.25,5,2,0.26101694915254237,32.00131541722677,31.170010467217963,-0.831304950008807,1.0458414110063972,0.7997835116868544,-0.28334448042804894,-0.611429878907348,0.7997835116868544,0.28334448042804894,0.611429878907348
scene_08_30_000323,test,scene_08,scene_08,30,30,scene_08,0.25,3,4,0.26239067055393583,31.83595277709537,31.155145144738913,-0.6808076323564549,0.7198066612150615,-0.38608145148094053,-0.08384470626738505,-0.6016916216658501,0.38608145148094053,0.08384470626738505,0.6016916216658501
scene_08_30_000324,test,scene_08,scene_08,30,30,scene_08,0.25,9,9,0.32603938730853393,41.71955982571774,40.988179033145784,-0.7313807925719544,2.1413608675994777,-0.044160387540628676,2.097318797194408,0.42980238295483275,0.044160387540628676,2.097318797194408,0.42980238295483275
scene_08_30_000325,test,scene_08,scene_08,30,30,scene_08,0.25,7,6,0.3026315789473684,36.848043039294105,38.510823264805396,1.6627802255112911,1.9841657723255595,0.13251561759588526,-1.679909188246743,1.0475010942264618,0.13251561759588526,1.679909188246743,1.0475010942264618
scene_08_30_000326,test,scene_08,scene_08,30,30,scene_08,0.25,1,4,0.2529896907216495,33.07457757071794,37.23139766398119,4.156820093263249,6.6772360964258874,3.4190054731831765,-5.4434302561355,1.806917404959318,3.4190054731831765,5.4434302561355,1.806917404959318
scene_08_30_000328,test,scene_08,scene_08,30,30,scene_08,0.25,1,1,0.2975254730713246,29.64797381890501,29.11595172785291,-0.5320220910521023,5.127373874990513,0.17651615048430358,4.666563270771988,-2.1170715959634627,0.17651615048430358,4.666563270771988,2.1170715959634627
scene_08_30_000328,test,scene_08,scene_08,30,30,scene_08,0.25,2,2,0.3506300963676798,33.25177019890494,33.02297614822681,-0.22879405067813252,0.8907401786003305,0.11624128091312969,0.8824020779474182,-0.03567356470416172,0.11624128091312969,0.8824020779474182,0.03567356470416172
scene_08_30_000329,test,scene_08,scene_08,30,30,scene_08,0.25,2,2,0.2551605504587156,30.5856433501119,31.059988171010172,0.47434482089827057,3.099853701377141,2.1421310075772837,-2.2349776476029,-0.1588792970556483,2.1421310075772837,2.2349776476029,0.1588792970556483
scene_08_30_000330,test,scene_08,scene_08,30,30,scene_08,0.25,1,1,0.4091796875,29.402655239440918,28.77684093475403,-0.6258143046868874,0.8324855507801329,0.3034604182988758,0.2211472136117436,-0.7429925145621148,0.3034604182988758,0.2211472136117436,0.7429925145621148
scene_08_40_000007,test,scene_08,scene_08,40,40,scene_08,0.25,6,7,0.25852036575228593,46.105989532061315,44.36273121005091,-1.743258322010405,1.9065831242297244,0.16016114948003235,1.291875049614987,-1.3930062713344427,0.16016114948003235,1.291875049614987,1.3930062713344427
scene_08_40_000008,test,scene_08,scene_08,40,40,scene_08,0.25,4,3,0.2969502407704655,42.87707050334538,41.50404786185068,-1.3730226414946998,1.481673337311827,0.06639259217146076,0.781240228545439,-1.257223769862705,0.06639259217146076,0.781240228545439,1.257223769862705
scene_08_40_000010,test,scene_08,scene_08,40,40,scene_08,0.25,1,1,0.2737169517884914,40.16443782017516,38.914227670199985,-1.2502101499751745,1.3408357028991738,-0.1907226246047955,-0.058216340722182736,-1.3259246284408093,0.1907226246047955,0.058216340722182736,1.3259246284408093
scene_08_40_000040,test,scene_08,scene_08,40,40,scene_08,0.25,9,5,0.286,47.942141355078576,46.764814204443745,-1.1773271506348308,1.7788005347208378,-1.3645403314733429,1.0418698432400397,-0.46547637518217044,1.3645403314733429,1.0418698432400397,0.46547637518217044
scene_08_40_000041,test,scene_08,scene_08,40,40,scene_08,0.25,5,4,0.3543307086614173,44.837868848904556,43.82858646343982,-1.0092823854647364,1.3241501810362384,-1.084182444061959,0.4614629948364879,-0.6041308089500816,1.084182444061959,0.4614629948364879,0.6041308089500816
scene_08_40_000042,test,scene_08,scene_08,40,40,scene_08,0.25,4,3,0.3124415341440599,42.93066529027841,41.66897625919841,-1.261689031080003,1.6025286848971465,-1.3445376546953227,0.2407306336051036,-0.8380724569323732,1.3445376546953227,0.2407306336051036,0.8380724569323732
scene_08_40_000043,test,scene_08,scene_08,40,40,scene_08,0.25,2,2,0.3023255813953488,42.27649500830307,40.92371254816075,-1.352782460142322,1.6393450785207277,-1.3126984126984098,-0.4198412698412639,-0.8876984126984127,1.3126984126984098,0.4198412698412639,0.8876984126984127
scene_08_40_000073,test,scene_08,scene_08,40,40,scene_08,0.25,6,4,0.33125,43.96254201282242,43.22693993706712,-0.7356020757552955,1.0903087222188195,-0.49558410276996767,0.35585994194484627,-0.9036222709446307,0.49558410276996767,0.35585994194484627,0.9036222709446307
scene_08_40_000074,test,scene_08,scene_08,40,40,scene_08,0.25,5,3,0.31233243967828417,42.309828322433646,41.75194022746266,-0.5578880949709841,1.2286256327813772,-0.8201298404425543,0.0971951721300286,-0.909648882183518,0.8201298404425543,0.0971951721300286,0.909648882183518
scene_08_40_000075,test,scene_08,scene_08,40,40,scene_08,0.25,5,4,0.2648809523809524,42.070445860174864,41.207070295362534,-0.8633755648123298,1.3947512550877728,-0.39998619904428523,-0.9612710680214605,-0.9280625183293978,0.39998619904428523,0.9612710680214605,0.9280625183293978
scene_08_40_000089,test,scene_08,scene_08,40,40,scene_08,0.25,1,1,0.2903225806451613,39.50034234816415,38.705450463534355,-0.7948918846297985,1.5984909692979279,1.324616653544787,-0.10934813696032819,-0.8880355201353964,1.324616653544787,0.10934813696032819,0.8880355201353964
scene_08_40_000089,test,scene_08,scene_08,40,40,scene_08,0.25,3,3,0.2711864406779661,40.51560137870503,39.610232721064975,-0.9053686576400537,1.2056625930176055,-0.7701626712328746,0.19597602739726128,-0.9066780821917817,0.7701626712328746,0.19597602739726128,0.9066780821917817
scene_08_40_000090,test,scene_08,scene_08,40,40,scene_08,0.25,1,1,0.3046683046683047,39.47419554574994,38.72828096491451,-0.7459145808354322,0.8862338576284232,-0.4294844551963166,-0.27292490764654076,-0.7255794566674325,0.4294844551963166,0.27292490764654076,0.7255794566674325
scene_08_40_000103,test,scene_08,scene_08,40,40,scene_08,0.25,4,3,0.3056379821958457,44.23495958172034,43.476987945977775,-0.7579716357425639,0.8559542514867206,-0.11141502956745342,-0.22653983300480718,-0.8178777878673742,0.11141502956745342,0.22653983300480718,0.8178777878673742
scene_08_40_000105,test,scene_08,scene_08,40,40,scene_08,0.25,3,2,0.25311203319502074,40.60029721638795,39.30967164581656,-1.2906255705713932,1.6420959638234593,-1.2260234697624384,-0.38078256014566847,-1.023889763541895,1.2260234697624384,0.38078256014566847,1.023889763541895
scene_08_40_000222,test,scene_08,scene_08,40,40,scene_08,0.25,6,4,0.27702702702702703,44.00050664779152,42.813439533429126,-1.1870671143623923,1.4272983870509612,-0.8279914529914478,-0.5472222222222207,-1.0257478632478652,0.8279914529914478,0.5472222222222207,1.0257478632478652
scene_08_40_000224,test,scene_08,scene_08,40,40,scene_08,0.25,2,2,0.29411764705882354,40.958163366969856,40.26056957919283,-0.6975937877770235,0.7168102194313897,-0.10184695125290233,-0.08734692387713494,-0.704141039913857,0.10184695125290233,0.08734692387713494,0.704141039913857
scene_08_40_000245,test,scene_08,scene_08,40,40,scene_08,0.25,7,4,0.34582623509369675,46.036492752400534,44.71347727346329,-1.3230154789372435,1.6453240719958706,0.5546034784794003,1.305917332525187,-0.8331183614336695,0.5546034784794003,1.305917332525187,0.8331183614336695
scene_08_40_000247,test,scene_08,scene_08,40,40,scene_08,0.25,2,1,0.25998142989786444,40.978990697798395,39.56361526433413,-1.4153754334642628,1.5078488287281433,0.772017776246507,0.2824365283707593,-1.264051522248245,0.772017776246507,0.2824365283707593,1.264051522248245
scene_08_40_000248,test,scene_08,scene_08,40,40,scene_08,0.25,2,1,0.25630676084762866,40.48872109837276,39.001509177804984,-1.4872119205677734,1.5992553067770952,0.9377998991525587,-0.21663088208982373,-1.2771922119748211,0.9377998991525587,0.21663088208982373,1.2771922119748211
scene_08_40_000261,test,scene_08,scene_08,40,40,scene_08,0.25,1,1,0.2538787023977433,40.10323990137572,39.027697066032815,-1.0755428353429082,1.612506618108108,0.25269054990416606,-1.3037741412354364,-0.9146026831785363,0.25269054990416606,1.3037741412354364,0.9146026831785363
scene_08_40_000279,test,scene_08,scene_08,40,40,scene_08,0.25,8,8,0.27951688439733796,51.21009201400445,49.07035914742168,-2.1397328665827757,2.6178289191515134,-1.3005230629477609,2.014201034908865,-1.0510291164658625,1.3005230629477609,2.014201034908865,1.0510291164658625
scene_08_40_000285,test,scene_08,scene_08,40,40,scene_08,0.25,1,1,0.251779359430605,41.977288554152004,40.44324803337698,-1.5340405207750223,1.6808747576665324,-1.1357914460141814,-0.3665407994510801,-1.183623920195643,1.1357914460141814,0.3665407994510801,1.183623920195643
scene_08_40_000288,test,scene_08,scene_08,40,40,scene_08,0.25,2,6,0.2636363636363636,50.589081174743754,50.25080585013551,-0.3382753246082473,2.8741815763589207,1.9838902147971424,1.8830229441610342,-0.8827932607787119,1.9838902147971424,1.8830229441610342,0.8827932607787119
scene_08_50_000002,test,scene_08,scene_08,50,50,scene_08,0.25,1,1,0.2574152542372881,49.67012861676634,48.10044581226466,-1.5696828045016815,1.7096461799015867,-1.0114484818317564,-0.4147234503557513,-1.314483354317332,1.0114484818317564,0.4147234503557513,1.314483354317332
scene_08_50_000012,test,scene_08,scene_08,50,50,scene_08,0.25,1,1,0.3744725738396624,52.593091372973774,51.7154296491037,-0.8776617238700766,1.1024609848864753,0.5222927301947422,-0.04033489317451355,-0.9700534127434324,0.5222927301947422,0.04033489317451355,0.9700534127434324
scene_08_50_000013,test,scene_08,scene_08,50,50,scene_08,0.25,1,1,0.25026511134676566,49.60319943313628,48.33818394526977,-1.2650154878665134,1.6138960592390794,0.7660318311874121,-0.36173998569384835,-1.3736811516452079,0.7660318311874121,0.36173998569384835,1.3736811516452079
scene_08_50_000019,test,scene_08,scene_08,50,50,scene_08,0.25,1,4,0.3557347670250896,53.46465311339055,53.504261076722564,0.03960796333201699,1.1021569347776667,0.9910586930107215,0.4220816384031565,0.23323736066353007,0.9910586930107215,0.4220816384031565,0.23323736066353007
scene_08_50_000149,test,scene_08,scene_08,50,50,scene_08,0.25,3,4,0.25922282341367436,53.35938693771997,51.98419330901094,-1.3751936287090274,2.196073703203567,1.0659860040032925,-1.7055999503467945,-0.8816702096296183,1.0659860040032925,1.7055999503467945,0.8816702096296183
scene_08_50_000179,test,scene_08,scene_08,50,50,scene_08,0.25,1,1,0.32547169811320753,48.31164245687999,47.20985806273088,-1.1017843941491066,1.3392517790043783,0.48005912623082025,-0.7457337712558072,-1.0035037146406012,0.48005912623082025,0.7457337712558072,1.0035037146406012
scene_09_50_000018,test,scene_09,scene_09,50,50,scene_09,0.25,1,1,0.3002832861189802,49.79127076759515,48.95274842008297,-0.8385223475121819,1.2177325449262302,0.8785646206633615,-0.13142394205108943,-0.8329012581014084,0.8785646206633615,0.13142394205108943,0.8329012581014084
scene_09_50_000019,test,scene_09,scene_09,50,50,scene_09,0.25,1,1,0.26838235294117646,49.2414431858204,48.02789019928197,-1.2135529865384314,1.26907465752965,0.2446333297957537,0.2131762004457336,-1.2268907563025166,0.2446333297957537,0.2131762004457336,1.2268907563025166
scene_09_50_000019,test,scene_09,scene_09,50,50,scene_09,0.25,4,3,0.3979328165374677,53.45649431378003,52.87132317479203,-0.5851711389879952,0.788380092524902,0.24238114015321344,0.11352242000901569,-0.741557289319509,0.24238114015321344,0.11352242000901569,0.741557289319509
scene_09_50_000019,test,scene_09,scene_09,50,50,scene_09,0.25,5,4,0.25265683921837506,55.06190304417668,52.89712966235692,-2.1647733818197636,3.9144868903365304,-3.8330946760787015,0.13326006975130866,-0.78283751356431,3.8330946760787015,0.13326006975130866,0.78283751356431
scene_09_50_000019,test,scene_09,scene_09,50,50,scene_09,0.25,7,5,0.36018957345971564,61.12742275546198,60.37410977104136,-0.7533129844206172,0.9221466189492963,-0.6064268867924483,0.5009581367924518,-0.48129176493710446,0.6064268867924483,0.5009581367924518,0.48129176493710446
scene_09_50_000056,test,scene_09,scene_09,50,50,scene_09,0.25,4,5,0.33447098976109213,52.41820339830952,52.3275535004207,-0.09064989788882372,1.5419453239589644,1.170665281634335,-0.809644619349168,-0.5929702950518347,1.170665281634335,0.809644619349168,0.5929702950518347
scene_09_50_000056,test,scene_09,scene_09,50,50,scene_09,0.25,11,7,0.2747524752475248,55.54896924443602,54.73251010785648,-0.8164591365795459,1.1194861070651927,-0.16568574188096363,0.5919428347217206,-0.9356286973318788,0.16568574188096363,0.5919428347217206,0.9356286973318788
scene_09_50_000057,test,scene_09,scene_09,50,50,scene_09,0.25,5,3,0.2552594670406732,51.87963382102139,51.043034101100304,-0.8365997199210895,0.9982710257279781,0.2445091178618526,-0.07499754749680676,-0.9649537294398485,0.2445091178618526,0.07499754749680676,0.9649537294398485
scene_09_50_000168,test,scene_09,scene_09,50,50,scene_09,0.25,1,1,0.3257661748013621,49.942630016296626,49.5549169448882,-0.38771307140842737,1.4393887622165713,1.1982942430703574,-0.603056147832266,-0.5217798370783413,1.1982942430703574,0.603056147832266,0.5217798370783413
scene_09_50_000283,test,scene_09,scene_09,50,50,scene_09,0.25,2,2,0.2665198237885463,52.34667848915856,51.71973777065639,-0.6269407185021763,1.644229039448717,-1.2637328497882336,0.1279642456426302,-1.0440754620091752,1.2637328497882336,0.1279642456426302,1.0440754620091752
scene_09_50_000322,test,scene_09,scene_09,50,50,scene_09,0.25,1,1,0.345994599459946,50.582486206870215,49.90089461502941,-0.6815915918408066,0.6971811125119235,-0.19661285062783662,0.03999603180545819,-0.6676864593888183,0.19661285062783662,0.03999603180545819,0.6676864593888183
scene_09_50_000323,test,scene_09,scene_09,50,50,scene_09,0.25,1,1,0.3093642456076798,50.00666959698678,49.281932820266334,-0.724736776720448,0.7922958716790303,0.023278960561164297,0.09437531638763375,-0.7863104589992176,0.023278960561164297,0.09437531638763375,0.7863104589992176
scene_09_50_000323,test,scene_09,scene_09,50,50,scene_09,0.25,2,2,0.3227848101265823,50.414262968319015,49.9271780131074,-0.4870849552116141,0.7518540626901857,-0.18600999072716462,-0.5458765816158646,-0.48239358679069966,0.18600999072716462,0.5458765816158646,0.48239358679069966
scene_09_50_000324,test,scene_09,scene_09,50,50,scene_09,0.25,1,1,0.2905317769130999,49.85314494251669,49.029298635653966,-0.8238463068627269,1.0055024028567885,0.6816904047975996,-0.26731222803232413,-0.6891135225070357,0.6816904047975996,0.26731222803232413,0.6891135225070357
scene_09_50_000324,test,scene_09,scene_09,50,50,scene_09,0.25,3,3,0.323095453176754,51.158467040280165,51.57790878661514,0.4194417463349751,1.4392792646751056,-0.10722739991275887,1.4205645633185497,-0.20499611673209728,0.10722739991275887,1.4205645633185497,0.20499611673209728
scene_09_50_000356,test,scene_09,scene_09,50,50,scene_09,0.25,6,2,0.2673133926165454,53.80015205625489,53.33333971052779,-0.4668123457270994,1.0263426414055832,0.5303555686985817,-0.7864747213547219,-0.39186694296381575,0.5303555686985817,0.7864747213547219,0.39186694296381575
scene_09_50_000395,test,scene_09,scene_09,50,50,scene_09,0.25,6,5,0.33111480865224624,55.29108275936739,55.21619017087173,-0.07489258849566482,1.5040349593889681,-1.285347985347986,0.018410574932318013,-0.7808090460264339,1.285347985347986,0.018410574932318013,0.7808090460264339
scene_09_50_000395,test,scene_09,scene_09,50,50,scene_09,0.25,9,6,0.311307319851894,59.27980257298266,57.42929391950968,-1.8505086534729784,3.7343606548612986,-3.7283400738508305,0.19628697326451316,0.08000761476726836,3.7283400738508305,0.19628697326451316,0.08000761476726836
scene_09_50_000395,test,scene_09,scene_09,50,50,scene_09,0.25,10,7,0.2918968692449355,60.40379407046558,58.25373198378283,-2.150062086682752,4.50004618671759,4.485655737704921,0.3411278345804547,0.11375449820071992,4.485655737704921,0.3411278345804547,0.11375449820071992
scene_09_50_000396,test,scene_09,scene_09,50,50,scene_09,0.25,9,3,0.27728285077951004,55.96189477419529,55.52500105409214,-0.43689372010315,0.8768364956613127,0.49139092791266137,-0.07984189723320156,-0.7218050065876156,0.49139092791266137,0.07984189723320156,0.7218050065876156
scene_09_50_000396,test,scene_09,scene_09,50,50,scene_09,0.25,14,4,0.29940627650551316,59.266168241047,56.27489646304417,-2.991271778002826,5.015383084374886,-4.987942400609597,0.18312913310633405,-0.49087861212567674,4.987942400609597,0.18312913310633405,0.49087861212567674
scene_09_50_000396,test,scene_09,scene_09,50,50,scene_09,0.25,15,5,0.2837133550488599,59.96863230349132,57.05041183470623,-2.918220468785087,4.830001545758777,4.8124224839954195,-0.17800696126706583,-0.3712388574866594,4.8124224839954195,0.17800696126706583,0.3712388574866594
scene_09_50_000397,test,scene_09,scene_09,50,50,scene_09,0.25,11,3,0.2545212765957447,60.63255139662238,57.38723252873552,-3.2453188678868656,4.837252164150237,-4.721176669147596,0.475275885266079,-0.940006484635667,4.721176669147596,0.475275885266079,0.940006484635667
scene_09_50_000398,test,scene_09,scene_09,50,50,scene_09,0.25,10,4,0.2710926694329184,58.98473131525313,57.39142319751069,-1.5933081177424384,2.522740032396814,2.2534977409127706,-1.00854507093851,-0.5184612257866092,2.2534977409127706,1.00854507093851,0.5184612257866092
scene_09_50_000399,test,scene_09,scene_09,50,50,scene_09,0.25,8,3,0.31856540084388185,54.167704754489314,53.840765339232135,-0.3269394152571792,0.7367104592759033,-0.3142359801925423,-0.46486878817585264,-0.477383555790162,0.3142359801925423,0.46486878817585264,0.477383555790162
scene_09_50_000399,test,scene_09,scene_09,50,50,scene_09,0.25,10,4,0.2971716388996513,57.13521632568954,56.0359652845623,-1.0992510411272391,2.526462999932913,1.905468855176835,-1.6585679084056792,-0.03682696278413289,1.905468855176835,1.6585679084056792,0.03682696278413289
scene_09_50_000400,test,scene_09,scene_09,50,50,scene_09,0.25,6,2,0.3059895833333333,51.918206066080366,51.05454595073766,-0.8636601153427037,0.9610885382478936,0.38433147693580594,-0.4497298985579903,-0.7574453858403487,0.38433147693580594,0.4497298985579903,0.7574453858403487
scene_09_50_000400,test,scene_09,scene_09,50,50,scene_09,0.25,9,3,0.3010522213561964,56.66118492429312,54.89915505291628,-1.7620298713768392,3.330227792676388,2.8554589962027705,-1.7136803329938175,0.008413585984214933,2.8554589962027705,1.7136803329938175,0.008413585984214933
scene_09_50_000401,test,scene_09,scene_09,50,50,scene_09,0.25,3,2,0.35294117647058826,51.20603469702555,50.34793822544495,-0.8580964715806019,0.8875049333368793,0.4598039215686285,-0.19356351236146452,-0.7340153452685456,0.4598039215686285,0.19356351236146452,0.7340153452685456
scene_09_50_000433,test,scene_09,scene_09,50,50,scene_09,0.25,1,1,0.34210526315789475,49.15657724414948,48.304211920570125,-0.852365323579356,0.9214069378917961,0.3745623249299683,-0.05313375350139893,-0.8401610644257715,0.3745623249299683,0.05313375350139893,0.8401610644257715
scene_09_50_000433,test,scene_09,scene_09,50,50,scene_09,0.25,6,2,0.3721106479727169,53.39011859874475,52.99925056762281,-0.3908680311219399,0.40663761958861433,0.21995151929495904,-0.10340573218211091,-0.32601033323564366,0.21995151929495904,0.10340573218211091,0.32601033323564366
scene_09_50_000434,test,scene_09,scene_09,50,50,scene_09,0.25,2,1,0.30191256830601093,49.859482175437485,48.956348757294016,-0.9031334181434687,1.1708038668835394,0.7527180692831763,-0.36493378754438766,-0.8191584300930828,0.7527180692831763,0.36493378754438766,0.8191584300930828
scene_09_50_000434,test,scene_09,scene_09,50,50,scene_09,0.25,4,2,0.353519768563163,52.42015685107858,51.81107147459961,-0.6090853764789728,0.7144827027213961,0.3883991310708659,0.15126487930308485,-0.5803021486785056,0.3883991310708659,0.15126487930308485,0.5803021486785056
scene_09_50_000435,test,scene_09,scene_09,50,50,scene_09,0.25,5,3,0.26556016597510373,52.476894652360315,51.4265887455915,-1.0503059067688127,1.1497421382883946,-0.3774505285152401,0.08170476892822265,-1.0829415560471958,0.3774505285152401,0.08170476892822265,1.0829415560471958
scene_09_50_000435,test,scene_09,scene_09,50,50,scene_09,0.25,7,4,0.39132126872932477,52.80929522822529,52.410832606162145,-0.39846262206314265,0.6232265482724202,-0.24786803027057758,0.2004850253444701,-0.535517062897128,0.24786803027057758,0.2004850253444701,0.535517062897128
scene_09_50_000436,test,scene_09,scene_09,50,50,scene_09,0.25,6,9,0.2890359809911745,52.669227383019894,52.992214287996575,0.3229869049766805,3.4833274441564948,-3.3920816527191455,-0.17689473824889745,-0.7720494777407865,3.3920816527191455,0.17689473824889745,0.7720494777407865
scene_09_50_000437,test,scene_09,scene_09,50,50,scene_09,0.25,4,2,0.3087983567271482,50.63201614139319,50.46920751126465,-0.16280863012853786,2.802638025424653,-2.6724572590364986,0.4259314889859951,-0.7289269283470716,2.6724572590364986,0.4259314889859951,0.7289269283470716
scene_09_50_000437,test,scene_09,scene_09,50,50,scene_09,0.25,6,3,0.3333333333333333,53.08563671796916,52.17650738444114,-0.9091293335280213,0.9433169808888155,-0.27186264822134376,-0.049654150197628866,-0.9019268774703519,0.27186264822134376,0.049654150197628866,0.9019268774703519
scene_09_50_000437,test,scene_09,scene_09,50,50,scene_09,0.25,13,7,0.3363028953229399,59.68492723968435,58.70868853536259,-0.9762387043217586,0.9997352844606695,0.4914900128297184,-0.1311456114125633,-0.8606445461928658,0.4914900128297184,0.1311456114125633,0.8606445461928658
scene_09_50_000438,test,scene_09,scene_09,50,50,scene_09,0.25,2,1,0.41163876994939663,49.673568190847526,49.95124108128055,0.2776728904330241,1.5421466867636704,-1.5043544458778157,0.33480653475595545,-0.055124304517384815,1.5043544458778157,0.33480653475595545,0.055124304517384815
scene_09_50_000438,test,scene_09,scene_09,50,50,scene_09,0.25,3,2,0.37066666666666664,50.820761510908156,50.300694349540976,-0.5200671613671801,0.6603838963555363,0.3010578267096946,-0.18156482424200604,-0.5590217260004522,0.3010578267096946,0.18156482424200604,0.5590217260004522
scene_09_50_000438,test,scene_09,scene_09,50,50,scene_09,0.25,11,6,0.46475195822454307,57.562927044772955,57.180288518647295,-0.3826385261256604,0.5070554689665624,0.01578569720162548,-0.27854181615243334,-0.423403491987564,0.01578569720162548,0.27854181615243334,0.423403491987564
scene_09_50_000439,test,scene_09,scene_09,50,50,scene_09,0.25,1,1,0.37530266343825663,49.49656172705453,49.21078721063921,-0.2857745164153158,1.1055831326795937,0.994097301365052,-0.30612447946627697,-0.3746630776522366,0.994097301365052,0.30612447946627697,0.3746630776522366
scene_09_50_000439,test,scene_09,scene_09,50,50,scene_09,0.25,2,3,0.41522215580792987,50.09925673942288,50.46427114525778,0.36501440583490563,1.3891119493965622,-1.1291482852645771,0.797788298943658,-0.1348702632494181,1.1291482852645771,0.797788298943658,0.1348702632494181
scene_09_50_000439,test,scene_09,scene_09,50,50,scene_09,0.25,12,5,0.2738255033557047,56.42417470189556,57.898332094767476,1.4741573928719163,3.8216819820444905,-3.451980482892562,1.4525918910494653,-0.7609603903421487,3.451980482892562,1.4525918910494653,0.7609603903421487
scene_09_50_000471,test,scene_09,scene_09,50,50,scene_09,0.25,3,2,0.30216158209412847,50.14594413199226,50.809059632187285,0.6631155001950262,1.3193276999378931,0.8248890312477783,1.016845469428425,0.16189180724607155,0.8248890312477783,1.016845469428425,0.16189180724607155
scene_09_50_000471,test,scene_09,scene_09,50,50,scene_09,0.25,5,4,0.3894993894993895,51.56937680513934,51.35870155830338,-0.21067524683596162,0.5715394944434979,0.42982982836389283,-0.055715833870308984,-0.3725579930876961,0.42982982836389283,0.055715833870308984,0.3725579930876961
scene_09_50_000471,test,scene_09,scene_09,50,50,scene_09,0.25,7,3,0.4289044289044289,51.80683605090082,51.181795999576615,-0.6250400513242056,0.6559137487853799,0.3483261938759341,-0.022347634913082004,-0.5553307948595929,0.3483261938759341,0.022347634913082004,0.5553307948595929
scene_09_50_000472,test,scene_09,scene_09,50,50,scene_09,0.25,1,1,0.3859287054409006,49.09814354720167,48.883654726919474,-0.21448882028219884,1.35592697855761,-1.2665721281836255,0.39127020404441737,-0.2850274420399046,1.2665721281836255,0.39127020404441737,0.2850274420399046
scene_09_50_000472,test,scene_09,scene_09,50,50,scene_09,0.25,5,4,0.4356005788712012,52.2317452834907,52.28816344263693,0.05641815914622583,1.1746096824326226,1.0640825633025344,-0.41177869336996054,-0.2790600512909407,1.0640825633025344,0.41177869336996054,0.2790600512909407
scene_09_50_000472,test,scene_09,scene_09,50,50,scene_09,0.25,6,3,0.5247148288973384,52.34564095460173,51.94126217494652,-0.40437877965520386,0.4659683041245347,-0.07183312262958452,-0.10079646017699417,-0.44922882427307087,0.07183312262958452,0.10079646017699417,0.44922882427307087
scene_09_50_000472,test,scene_09,scene_09,50,50,scene_09,0.5,6,3,0.5247148288973384,52.34564095460173,51.94126217494652,-0.40437877965520386,0.4659683041245347,-0.07183312262958452,-0.10079646017699417,-0.44922882427307087,0.07183312262958452,0.10079646017699417,0.44922882427307087
scene_09_50_000473,test,scene_09,scene_09,50,50,scene_09,0.25,2,1,0.3689908256880734,49.410552691821714,49.064158605297926,-0.34639408652378734,0.7615842513542882,-0.6656408800500486,0.152877679561918,-0.33698843571973214,0.6656408800500486,0.152877679561918,0.33698843571973214
scene_09_50_000473,test,scene_09,scene_09,50,50,scene_09,0.25,6,4,0.4457274826789838,53.99698271321423,53.31247837309191,-0.6845043401223165,0.7274326408119156,0.35178687316445334,0.23579136097147924,-0.5914445678835776,0.35178687316445334,0.23579136097147924,0.5914445678835776
scene_09_50_000473,test,scene_09,scene_09,50,50,scene_09,0.25,8,5,0.4162234042553192,54.18291527663624,53.62535589480863,-0.557559381827609,0.8456954756609281,-0.7326959709305072,0.25703526436266344,-0.335097485233149,0.7326959709305072,0.25703526436266344,0.335097485233149
scene_09_50_000474,test,scene_09,scene_09,50,50,scene_09,0.25,2,1,0.2885514018691589,50.94260407194435,49.83386373793472,-1.1087403340096316,3.1451009624196042,-2.978250716915994,0.503599554312526,-0.8763961546574208,2.978250716915994,0.503599554312526,0.8763961546574208
scene_09_50_000474,test,scene_09,scene_09,50,50,scene_09,0.25,9,5,0.294811320754717,55.44902232572761,54.21600157145109,-1.2330207542765237,1.259293935468069,0.5840219443456363,0.16478780748077781,-1.1034421429939485,0.5840219443456363,0.16478780748077781,1.1034421429939485
scene_09_50_000475,test,scene_09,scene_09,50,50,scene_09,0.25,2,1,0.27701181767023075,51.66538106207484,51.36125230141156,-0.3041287606632821,1.3053886205359178,1.1399966017036363,0.14213172566130083,-0.6198756095293376,1.1399966017036363,0.14213172566130083,0.6198756095293376
scene_09_50_000475,test,scene_09,scene_09,50,50,scene_09,0.25,5,2,0.3688888888888889,53.127177604313076,52.15554054826023,-0.9716370560528489,1.068143561815816,0.5569096058585288,0.2827144195073501,-0.8665188495085943,0.5569096058585288,0.2827144195073501,0.8665188495085943
scene_09_50_000475,test,scene_09,scene_09,50,50,scene_09,0.25,8,5,0.410958904109589,59.40702524752717,58.79826295815742,-0.60876228936975,0.614070579743072,-0.3197045835236736,0.03271661336987819,-0.523260240596926,0.3197045835236736,0.03271661336987819,0.523260240596926
scene_09_50_000476,test,scene_09,scene_09,50,50,scene_09,0.25,3,1,0.4354066985645933,50.7353837709613,50.01599703853627,-0.7193867324250292,0.8689059919488511,0.5818290661263532,-0.059080862037209414,-0.6426367655185103,0.5818290661263532,0.059080862037209414,0.6426367655185103
scene_09_50_000476,test,scene_09,scene_09,50,50,scene_09,0.25,4,2,0.30856809224930665,50.73946031825626,50.328215029118,-0.4112452891382645,0.5867855073850701,-0.3858715910529611,0.24086399442599316,-0.3706816465439928,0.3858715910529611,0.24086399442599316,0.3706816465439928
scene_09_50_000476,test,scene_09,scene_09,50,50,scene_09,0.25,10,5,0.4279346210995542,57.600254478912326,56.97949005076032,-0.6207644281520075,0.6208521385198532,-0.2880989733850754,0.011286800796337815,-0.5498444939861855,0.2880989733850754,0.011286800796337815,0.5498444939861855
scene_09_50_000477,test,scene_09,scene_09,50,50,scene_09,0.25,2,1,0.44954128440366975,49.20505826015873,48.71546591127675,-0.48959234888197756,0.7670786116469586,0.6379230010727426,-0.20029906704086642,-0.37595761049768583,0.6379230010727426,0.20029906704086642,0.37595761049768583
scene_09_50_000477,test,scene_09,scene_09,50,50,scene_09,0.25,3,2,0.25105189340813466,50.50301837892116,49.37258728425376,-1.1304310946674008,3.320434257964026,-3.2843625325838204,-0.08850352976968168,-0.4800141052500564,3.2843625325838204,0.08850352976968168,0.4800141052500564
scene_09_50_000477,test,scene_09,scene_09,50,50,scene_09,0.25,5,3,0.2964705882352941,50.97010311320518,51.85277405373435,0.8826709405291737,4.103513574949461,3.868983043238927,-1.358017543523971,0.15994443536825997,3.868983043238927,1.358017543523971,0.15994443536825997
scene_09_50_000510,test,scene_09,scene_09,50,50,scene_09,0.25,2,1,0.4008810572687225,49.525804384274885,49.11115551133581,-0.4146488729390754,0.7328040972397826,0.38370032365893536,-0.4744999204117306,-0.4057409667321039,0.38370032365893536,0.4744999204117306,0.4057409667321039
scene_09_50_000510,test,scene_09,scene_09,50,50,scene_09,0.25,5,4,0.2906530089628681,54.63786547902787,52.69534721637851,-1.9425182626493651,3.978717411826426,-3.9630022906453206,0.04142492682660759,-0.3508405092746898,3.9630022906453206,0.04142492682660759,0.3508405092746898
scene_09_50_000511,test,scene_09,scene_09,50,50,scene_09,0.25,4,4,0.2645960878005077,55.09159581085433,53.128886576592826,-1.962709234261503,3.5817155956014424,-3.5032855531096345,-0.5267294617143179,-0.5274779761374546,3.5032855531096345,0.5267294617143179,0.5274779761374546
scene_09_50_000513,test,scene_09,scene_09,50,50,scene_09,0.25,2,3,0.3887468030690537,54.148580242748054,53.17766394294529,-0.9709162998027665,0.9902716549121093,-0.38345864661653906,0.24951963241436914,-0.8782581453634108,0.38345864661653906,0.24951963241436914,0.8782581453634108
scene_09_50_001069,test,scene_09,scene_09,50,50,scene_09,0.25,4,3,0.3118544023610428,53.13724640357454,53.25562341182557,0.1183770082510307,2.3280224393862605,-0.3661856275355646,-2.29153933874705,-0.18559101122379928,0.3661856275355646,2.29153933874705,0.18559101122379928
scene_09_50_001070,test,scene_09,scene_09,50,50,scene_09,0.25,4,3,0.3035598705501618,51.31782724189217,50.954890527852584,-0.3629367140395843,1.5700817206535305,-0.2772237038554479,-1.50984104774043,-0.32967201596298423,0.2772237038554479,1.50984104774043,0.32967201596298423
scene_09_50_001071,test,scene_09,scene_09,50,50,scene_09,0.25,6,3,0.25,50.9747403013815,50.234983220717346,-0.7397570806641554,3.966939279056069,-0.2871798508966634,-3.9565296196692543,0.002888881569141688,0.2871798508966634,3.9565296196692543,0.002888881569141688
scene_09_50_001138,test,scene_09,scene_09,50,50,scene_09,0.25,3,2,0.2829324169530355,63.52119948795014,63.627654161485424,0.10645467353528204,0.4801167223154972,-0.0718942786740655,-0.44990917102825634,0.1514100973039092,0.0718942786740655,0.44990917102825634,0.1514100973039092
scene_09_50_001139,test,scene_09,scene_09,50,50,scene_09,0.25,1,1,0.26440329218106995,58.59131483180141,58.31938497487324,-0.27192985692817473,1.032654814206578,0.8248344322451402,0.06234375228432398,-0.6181726144354585,0.8248344322451402,0.06234375228432398,0.6181726144354585
scene_09_50_001140,test,scene_09,scene_09,50,50,scene_09,0.25,1,1,0.25716928769657726,57.203646672367526,56.58150935883485,-0.6221373135326758,0.794108868946715,0.3081989932458242,0.08615872307888495,-0.7267729705619956,0.3081989932458242,0.08615872307888495,0.7267729705619956
scene_09_50_001141,test,scene_09,scene_09,50,50,scene_09,0.25,1,1,0.31023454157782515,53.981257550091776,53.76170587284011,-0.21955167725166547,0.4677125214776894,0.22892732763977364,0.33803702258637713,-0.22820660106067692,0.22892732763977364,0.33803702258637713,0.22820660106067692
scene_09_50_001141,test,scene_09,scene_09,50,50,scene_09,0.25,2,2,0.2716049382716049,59.05733269071277,58.794698530914616,-0.26263415979815363,0.4153958122863389,0.09003444769868452,-0.16904032050017648,-0.36860934488672115,0.09003444769868452,0.16904032050017648,0.36860934488672115
scene_09_50_001142,test,scene_09,scene_09,50,50,scene_09,0.25,1,2,0.32920110192837465,51.177942218194346,50.58306118805361,-0.5948810301407335,0.8144154418519489,0.18142877699320792,0.44031687788433516,-0.6606641793345887,0.18142877699320792,0.44031687788433516,0.6606641793345887
scene_09_50_001142,test,scene_09,scene_09,50,50,scene_09,0.25,2,3,0.26483516483516484,56.454870648158604,56.15864615640177,-0.2962244917568313,0.7061958718848725,0.41378891775629256,-0.1421461731760303,-0.5543336598662592,0.41378891775629256,0.1421461731760303,0.5543336598662592
scene_09_50_001176,test,scene_09,scene_09,50,50,scene_09,0.25,1,1,0.33161953727506427,54.2369904409262,53.77214022431489,-0.46485021661131043,0.5116147796524831,0.050040849673202104,-0.12064579619726956,-0.49466169043374464,0.050040849673202104,0.12064579619726956,0.49466169043374464
scene_09_50_001176,test,scene_09,scene_09,50,50,scene_09,0.25,2,2,0.2768361581920904,56.211874646466626,55.41273381162912,-0.7991408348375089,0.8000127679726311,-0.19824656104114524,0.10342383277080103,-0.7681290521582866,0.19824656104114524,0.10342383277080103,0.7681290521582866
scene_09_50_001180,test,scene_09,scene_09,50,50,scene_09,0.25,2,2,0.2515592515592516,50.4852703458473,49.71559757232635,-0.769672773520945,0.8683902813075192,-0.2251699491971948,-0.15202628935761453,-0.8247958426132129,0.2251699491971948,0.15202628935761453,0.8247958426132129
scene_09_50_001213,test,scene_09,scene_09,50,50,scene_09,0.25,1,1,0.263030303030303,53.110966235607336,52.35544123293816,-0.7555250026691738,0.8632661396586748,-0.2738531502494581,0.3075485304722818,-0.7587138995589697,0.2738531502494581,0.3075485304722818,0.7587138995589697
